Test Name, UCT003-VD-C13-S01-2
Test Date, 2025/02/17 12:55:58 PM
Operator ID, Uyilo
, 
Program Name, VD LCV16 UCT003 C13
Program Description, 
Program Database, C:\VisuaLCN\Programs\Standard tests.mdb
, 
Module Type, fj
Module Description, LCV 16-100-12
Address, Port: 1, Sys Controller: 1  Circuit: 10
Name, Channel 10
Device ID, Unknown
, 
Notes,   5.21b, MDB 9.542025/02/17 12:55:50 PM - Started by Masa
Editable Notes, 

Total Time,Cycle,Loop Counter #1,Loop Counter #2,Loop Counter #3,Step,Step time,Current,Voltage,Power,Amp-Hours,Watt-Hours,Unassigned A1,Unassigned A2,Mode,Data Acquisition Flag,
30.0,1,1,1,1,1,30.0,-1.57,12.723,-19.9,-0.01,-0.16,0,0,DCHG, ,
60.0,1,1,1,1,1,60.0,-1.57,12.69,-19.8,-0.02,-0.33,0,0,DCHG, ,
90.0,1,1,1,1,1,90.0,-1.57,12.69,-19.8,-0.03,-0.49,0,0,DCHG, ,
120.0,1,1,1,1,1,120.0,-1.57,12.692,-19.8,-0.05,-0.66,0,0,DCHG, ,
150.0,1,1,1,1,1,150.0,-1.57,12.694,-19.9,-0.06,-0.82,0,0,DCHG, ,
180.0,1,1,1,1,1,180.0,-1.57,12.696,-19.9,-0.07,-0.99,0,0,DCHG, ,
210.0,1,1,1,1,1,210.0,-1.57,12.697,-19.9,-0.09,-1.15,0,0,DCHG, ,
240.0,1,1,1,1,1,240.0,-1.57,12.696,-19.9,-0.1,-1.32,0,0,DCHG, ,
270.0,1,1,1,1,1,270.0,-1.57,12.696,-19.9,-0.11,-1.49,0,0,DCHG, ,
300.0,1,1,1,1,1,300.0,-1.57,12.696,-19.9,-0.13,-1.65,0,0,DCHG, ,
330.0,1,1,1,1,1,330.0,-1.57,12.694,-19.9,-0.14,-1.82,0,0,DCHG, ,
360.0,1,1,1,1,1,360.0,-1.57,12.693,-19.9,-0.15,-1.98,0,0,DCHG, ,
390.0,1,1,1,1,1,390.0,-1.57,12.692,-19.9,-0.16,-2.15,0,0,DCHG, ,
420.0,1,1,1,1,1,420.0,-1.57,12.691,-19.8,-0.18,-2.31,0,0,DCHG, ,
450.0,1,1,1,1,1,450.0,-1.57,12.689,-19.8,-0.19,-2.48,0,0,DCHG, ,
480.0,1,1,1,1,1,480.0,-1.57,12.688,-19.8,-0.2,-2.64,0,0,DCHG, ,
510.0,1,1,1,1,1,510.0,-1.57,12.685,-19.8,-0.22,-2.81,0,0,DCHG, ,
540.0,1,1,1,1,1,540.0,-1.57,12.683,-19.8,-0.23,-2.98,0,0,DCHG, ,
570.0,1,1,1,1,1,570.0,-1.57,12.681,-19.9,-0.24,-3.14,0,0,DCHG, ,
600.0,1,1,1,1,1,600.0,-1.57,12.679,-19.8,-0.26,-3.31,0,0,DCHG, ,
630.0,1,1,1,1,1,630.0,-1.57,12.677,-19.8,-0.27,-3.47,0,0,DCHG, ,
660.0,1,1,1,1,1,660.0,-1.57,12.675,-19.8,-0.28,-3.64,0,0,DCHG, ,
690.0,1,1,1,1,1,690.0,-1.57,12.673,-19.8,-0.3,-3.8,0,0,DCHG, ,
720.0,1,1,1,1,1,720.0,-1.57,12.671,-19.8,-0.31,-3.97,0,0,DCHG, ,
750.0,1,1,1,1,1,750.0,-1.57,12.668,-19.8,-0.32,-4.13,0,0,DCHG, ,
780.0,1,1,1,1,1,780.0,-1.57,12.666,-19.8,-0.33,-4.3,0,0,DCHG, ,
810.0,1,1,1,1,1,810.0,-1.56,12.664,-19.7,-0.35,-4.46,0,0,DCHG, ,
840.0,1,1,1,1,1,840.0,-1.57,12.662,-19.8,-0.36,-4.63,0,0,DCHG, ,
870.0,1,1,1,1,1,870.0,-1.57,12.659,-19.8,-0.37,-4.79,0,0,DCHG, ,
900.0,1,1,1,1,1,900.0,-1.57,12.657,-19.8,-0.39,-4.96,0,0,DCHG, ,
930.0,1,1,1,1,1,930.0,-1.57,12.654,-19.8,-0.4,-5.12,0,0,DCHG, ,
960.0,1,1,1,1,1,960.0,-1.57,12.653,-19.8,-0.41,-5.29,0,0,DCHG, ,
990.0,1,1,1,1,1,990.0,-1.57,12.65,-19.8,-0.43,-5.45,0,0,DCHG, ,
1020.0,1,1,1,1,1,1020.0,-1.57,12.647,-19.8,-0.44,-5.62,0,0,DCHG, ,
1050.0,1,1,1,1,1,1050.0,-1.57,12.645,-19.8,-0.45,-5.78,0,0,DCHG, ,
1080.0,1,1,1,1,1,1080.0,-1.57,12.642,-19.8,-0.47,-5.95,0,0,DCHG, ,
1110.0,1,1,1,1,1,1110.0,-1.57,12.64,-19.8,-0.48,-6.11,0,0,DCHG, ,
1140.0,1,1,1,1,1,1140.0,-1.57,12.638,-19.8,-0.49,-6.28,0,0,DCHG, ,
1170.0,1,1,1,1,1,1170.0,-1.57,12.635,-19.8,-0.51,-6.44,0,0,DCHG, ,
1200.0,1,1,1,1,1,1200.0,-1.57,12.633,-19.8,-0.52,-6.61,0,0,DCHG, ,
1230.0,1,1,1,1,1,1230.0,-1.57,12.63,-19.8,-0.53,-6.77,0,0,DCHG, ,
1260.0,1,1,1,1,1,1260.0,-1.57,12.628,-19.7,-0.54,-6.93,0,0,DCHG, ,
1290.0,1,1,1,1,1,1290.0,-1.57,12.626,-19.7,-0.56,-7.1,0,0,DCHG, ,
1320.0,1,1,1,1,1,1320.0,-1.56,12.623,-19.7,-0.57,-7.26,0,0,DCHG, ,
1350.0,1,1,1,1,1,1350.0,-1.57,12.621,-19.7,-0.58,-7.43,0,0,DCHG, ,
1380.0,1,1,1,1,1,1380.0,-1.57,12.618,-19.7,-0.6,-7.59,0,0,DCHG, ,
1410.0,1,1,1,1,1,1410.0,-1.57,12.616,-19.7,-0.61,-7.76,0,0,DCHG, ,
1440.0,1,1,1,1,1,1440.0,-1.57,12.613,-19.7,-0.62,-7.92,0,0,DCHG, ,
1470.0,1,1,1,1,1,1470.0,-1.57,12.611,-19.7,-0.64,-8.09,0,0,DCHG, ,
1500.0,1,1,1,1,1,1500.0,-1.57,12.609,-19.7,-0.65,-8.25,0,0,DCHG, ,
1530.0,1,1,1,1,1,1530.0,-1.57,12.606,-19.7,-0.66,-8.41,0,0,DCHG, ,
1560.0,1,1,1,1,1,1560.0,-1.57,12.604,-19.7,-0.68,-8.58,0,0,DCHG, ,
1590.0,1,1,1,1,1,1590.0,-1.57,12.603,-19.7,-0.69,-8.74,0,0,DCHG, ,
1620.0,1,1,1,1,1,1620.0,-1.57,12.6,-19.7,-0.7,-8.91,0,0,DCHG, ,
1650.0,1,1,1,1,1,1650.0,-1.57,12.597,-19.7,-0.71,-9.07,0,0,DCHG, ,
1680.0,1,1,1,1,1,1680.0,-1.57,12.595,-19.7,-0.73,-9.23,0,0,DCHG, ,
1710.0,1,1,1,1,1,1710.0,-1.57,12.593,-19.7,-0.74,-9.4,0,0,DCHG, ,
1740.0,1,1,1,1,1,1740.0,-1.56,12.59,-19.6,-0.75,-9.56,0,0,DCHG, ,
1770.0,1,1,1,1,1,1770.0,-1.57,12.588,-19.7,-0.77,-9.73,0,0,DCHG, ,
1800.0,1,1,1,1,1,1800.0,-1.57,12.586,-19.7,-0.78,-9.89,0,0,DCHG, ,
1830.0,1,1,1,1,1,1830.0,-1.57,12.583,-19.7,-0.79,-10.06,0,0,DCHG, ,
1860.0,1,1,1,1,1,1860.0,-1.57,12.581,-19.7,-0.81,-10.22,0,0,DCHG, ,
1890.0,1,1,1,1,1,1890.0,-1.57,12.579,-19.7,-0.82,-10.38,0,0,DCHG, ,
1920.0,1,1,1,1,1,1920.0,-1.57,12.576,-19.7,-0.83,-10.55,0,0,DCHG, ,
1950.0,1,1,1,1,1,1950.0,-1.57,12.574,-19.7,-0.85,-10.71,0,0,DCHG, ,
1980.0,1,1,1,1,1,1980.0,-1.57,12.572,-19.7,-0.86,-10.88,0,0,DCHG, ,
2010.0,1,1,1,1,1,2010.0,-1.57,12.57,-19.7,-0.87,-11.04,0,0,DCHG, ,
2040.0,1,1,1,1,1,2040.0,-1.57,12.567,-19.7,-0.88,-11.2,0,0,DCHG, ,
2070.0,1,1,1,1,1,2070.0,-1.57,12.565,-19.7,-0.9,-11.37,0,0,DCHG, ,
2100.0,1,1,1,1,1,2100.0,-1.57,12.563,-19.6,-0.91,-11.53,0,0,DCHG, ,
2130.0,1,1,1,1,1,2130.0,-1.57,12.56,-19.6,-0.92,-11.7,0,0,DCHG, ,
2160.0,1,1,1,1,1,2160.0,-1.57,12.558,-19.6,-0.94,-11.86,0,0,DCHG, ,
2190.0,1,1,1,1,1,2190.0,-1.57,12.555,-19.7,-0.95,-12.02,0,0,DCHG, ,
2220.0,1,1,1,1,1,2220.0,-1.57,12.554,-19.6,-0.96,-12.19,0,0,DCHG, ,
2250.0,1,1,1,1,1,2250.0,-1.57,12.551,-19.7,-0.98,-12.35,0,0,DCHG, ,
2280.0,1,1,1,1,1,2280.0,-1.57,12.549,-19.6,-0.99,-12.51,0,0,DCHG, ,
2310.0,1,1,1,1,1,2310.0,-1.57,12.547,-19.6,-1,-12.68,0,0,DCHG, ,
2340.0,1,1,1,1,1,2340.0,-1.57,12.544,-19.6,-1.02,-12.84,0,0,DCHG, ,
2370.0,1,1,1,1,1,2370.0,-1.57,12.541,-19.6,-1.03,-13,0,0,DCHG, ,
2400.0,1,1,1,1,1,2400.0,-1.57,12.539,-19.6,-1.04,-13.17,0,0,DCHG, ,
2430.0,1,1,1,1,1,2430.0,-1.57,12.536,-19.6,-1.05,-13.33,0,0,DCHG, ,
2460.0,1,1,1,1,1,2460.0,-1.57,12.535,-19.6,-1.07,-13.49,0,0,DCHG, ,
2490.0,1,1,1,1,1,2490.0,-1.57,12.533,-19.6,-1.08,-13.66,0,0,DCHG, ,
2520.0,1,1,1,1,1,2520.0,-1.57,12.53,-19.6,-1.09,-13.82,0,0,DCHG, ,
2550.0,1,1,1,1,1,2550.0,-1.57,12.528,-19.6,-1.11,-13.98,0,0,DCHG, ,
2580.0,1,1,1,1,1,2580.0,-1.56,12.525,-19.5,-1.12,-14.15,0,0,DCHG, ,
2610.0,1,1,1,1,1,2610.0,-1.57,12.523,-19.6,-1.13,-14.31,0,0,DCHG, ,
2640.0,1,1,1,1,1,2640.0,-1.57,12.521,-19.6,-1.15,-14.47,0,0,DCHG, ,
2670.0,1,1,1,1,1,2670.0,-1.57,12.518,-19.6,-1.16,-14.64,0,0,DCHG, ,
2700.0,1,1,1,1,1,2700.0,-1.57,12.516,-19.6,-1.17,-14.8,0,0,DCHG, ,
2730.0,1,1,1,1,1,2730.0,-1.57,12.513,-19.6,-1.19,-14.96,0,0,DCHG, ,
2760.0,1,1,1,1,1,2760.0,-1.56,12.511,-19.5,-1.2,-15.13,0,0,DCHG, ,
2790.0,1,1,1,1,1,2790.0,-1.57,12.508,-19.6,-1.21,-15.29,0,0,DCHG, ,
2820.0,1,1,1,1,1,2820.0,-1.57,12.506,-19.6,-1.22,-15.45,0,0,DCHG, ,
2850.0,1,1,1,1,1,2850.0,-1.57,12.504,-19.6,-1.24,-15.62,0,0,DCHG, ,
2880.0,1,1,1,1,1,2880.0,-1.57,12.501,-19.6,-1.25,-15.78,0,0,DCHG, ,
2910.0,1,1,1,1,1,2910.0,-1.57,12.499,-19.5,-1.26,-15.94,0,0,DCHG, ,
2940.0,1,1,1,1,1,2940.0,-1.57,12.496,-19.5,-1.28,-16.11,0,0,DCHG, ,
2970.0,1,1,1,1,1,2970.0,-1.57,12.494,-19.6,-1.29,-16.27,0,0,DCHG, ,
3000.0,1,1,1,1,1,3000.0,-1.57,12.492,-19.6,-1.3,-16.43,0,0,DCHG, ,
3030.0,1,1,1,1,1,3030.0,-1.57,12.489,-19.5,-1.32,-16.59,0,0,DCHG, ,
3060.0,1,1,1,1,1,3060.0,-1.57,12.487,-19.5,-1.33,-16.76,0,0,DCHG, ,
3090.0,1,1,1,1,1,3090.0,-1.57,12.484,-19.5,-1.34,-16.92,0,0,DCHG, ,
3120.0,1,1,1,1,1,3120.0,-1.57,12.482,-19.5,-1.36,-17.08,0,0,DCHG, ,
3150.0,1,1,1,1,1,3150.0,-1.57,12.479,-19.5,-1.37,-17.24,0,0,DCHG, ,
3180.0,1,1,1,1,1,3180.0,-1.57,12.477,-19.5,-1.38,-17.41,0,0,DCHG, ,
3210.0,1,1,1,1,1,3210.0,-1.57,12.474,-19.5,-1.39,-17.57,0,0,DCHG, ,
3240.0,1,1,1,1,1,3240.0,-1.57,12.471,-19.5,-1.41,-17.73,0,0,DCHG, ,
3270.0,1,1,1,1,1,3270.0,-1.57,12.469,-19.5,-1.42,-17.89,0,0,DCHG, ,
3300.0,1,1,1,1,1,3300.0,-1.57,12.466,-19.5,-1.43,-18.06,0,0,DCHG, ,
3330.0,1,1,1,1,1,3330.0,-1.57,12.464,-19.5,-1.45,-18.22,0,0,DCHG, ,
3360.0,1,1,1,1,1,3360.0,-1.57,12.461,-19.5,-1.46,-18.38,0,0,DCHG, ,
3390.0,1,1,1,1,1,3390.0,-1.57,12.459,-19.5,-1.47,-18.54,0,0,DCHG, ,
3420.0,1,1,1,1,1,3420.0,-1.56,12.457,-19.4,-1.49,-18.71,0,0,DCHG, ,
3450.0,1,1,1,1,1,3450.0,-1.57,12.454,-19.5,-1.5,-18.87,0,0,DCHG, ,
3480.0,1,1,1,1,1,3480.0,-1.57,12.451,-19.5,-1.51,-19.03,0,0,DCHG, ,
3510.0,1,1,1,1,1,3510.0,-1.57,12.449,-19.5,-1.53,-19.19,0,0,DCHG, ,
3540.0,1,1,1,1,1,3540.0,-1.57,12.446,-19.5,-1.54,-19.36,0,0,DCHG, ,
3570.0,1,1,1,1,1,3570.0,-1.57,12.443,-19.5,-1.55,-19.52,0,0,DCHG, ,
3600.0,1,1,1,1,1,3600.0,-1.57,12.441,-19.5,-1.56,-19.68,0,0,DCHG, ,
3630.0,1,1,1,1,1,3630.0,-1.57,12.438,-19.5,-1.58,-19.84,0,0,DCHG, ,
3660.0,1,1,1,1,1,3660.0,-1.57,12.436,-19.4,-1.59,-20.01,0,0,DCHG, ,
3690.0,1,1,1,1,1,3690.0,-1.57,12.433,-19.5,-1.6,-20.17,0,0,DCHG, ,
3720.0,1,1,1,1,1,3720.0,-1.57,12.43,-19.4,-1.62,-20.33,0,0,DCHG, ,
3750.0,1,1,1,1,1,3750.0,-1.56,12.427,-19.4,-1.63,-20.49,0,0,DCHG, ,
3780.0,1,1,1,1,1,3780.0,-1.57,12.425,-19.5,-1.64,-20.65,0,0,DCHG, ,
3810.0,1,1,1,1,1,3810.0,-1.57,12.422,-19.5,-1.66,-20.81,0,0,DCHG, ,
3840.0,1,1,1,1,1,3840.0,-1.57,12.419,-19.4,-1.67,-20.98,0,0,DCHG, ,
3870.0,1,1,1,1,1,3870.0,-1.57,12.417,-19.4,-1.68,-21.14,0,0,DCHG, ,
3900.0,1,1,1,1,1,3900.0,-1.57,12.414,-19.4,-1.7,-21.3,0,0,DCHG, ,
3930.0,1,1,1,1,1,3930.0,-1.57,12.411,-19.4,-1.71,-21.46,0,0,DCHG, ,
3960.0,1,1,1,1,1,3960.0,-1.56,12.409,-19.3,-1.72,-21.62,0,0,DCHG, ,
3990.0,1,1,1,1,1,3990.0,-1.57,12.404,-19.4,-1.73,-21.78,0,0,DCHG, ,
4020.0,1,1,1,1,1,4020.0,-1.56,12.403,-19.3,-1.75,-21.95,0,0,DCHG, ,
4050.0,1,1,1,1,1,4050.0,-1.57,12.401,-19.4,-1.76,-22.11,0,0,DCHG, ,
4080.0,1,1,1,1,1,4080.0,-1.57,12.398,-19.4,-1.77,-22.27,0,0,DCHG, ,
4110.0,1,1,1,1,1,4110.0,-1.57,12.395,-19.4,-1.79,-22.43,0,0,DCHG, ,
4140.0,1,1,1,1,1,4140.0,-1.57,12.393,-19.4,-1.8,-22.59,0,0,DCHG, ,
4170.0,1,1,1,1,1,4170.0,-1.57,12.39,-19.4,-1.81,-22.75,0,0,DCHG, ,
4200.0,1,1,1,1,1,4200.0,-1.56,12.387,-19.3,-1.83,-22.92,0,0,DCHG, ,
4230.0,1,1,1,1,1,4230.0,-1.57,12.384,-19.4,-1.84,-23.08,0,0,DCHG, ,
4260.0,1,1,1,1,1,4260.0,-1.57,12.381,-19.4,-1.85,-23.24,0,0,DCHG, ,
4290.0,1,1,1,1,1,4290.0,-1.57,12.379,-19.4,-1.87,-23.4,0,0,DCHG, ,
4320.0,1,1,1,1,1,4320.0,-1.57,12.376,-19.4,-1.88,-23.56,0,0,DCHG, ,
4350.0,1,1,1,1,1,4350.0,-1.57,12.374,-19.4,-1.89,-23.72,0,0,DCHG, ,
4380.0,1,1,1,1,1,4380.0,-1.57,12.371,-19.4,-1.9,-23.89,0,0,DCHG, ,
4410.0,1,1,1,1,1,4410.0,-1.57,12.368,-19.3,-1.92,-24.05,0,0,DCHG, ,
4440.0,1,1,1,1,1,4440.0,-1.57,12.365,-19.3,-1.93,-24.21,0,0,DCHG, ,
4470.0,1,1,1,1,1,4470.0,-1.57,12.362,-19.3,-1.94,-24.37,0,0,DCHG, ,
4500.0,1,1,1,1,1,4500.0,-1.57,12.36,-19.4,-1.96,-24.53,0,0,DCHG, ,
4530.0,1,1,1,1,1,4530.0,-1.57,12.356,-19.3,-1.97,-24.69,0,0,DCHG, ,
4560.0,1,1,1,1,1,4560.0,-1.57,12.354,-19.3,-1.98,-24.85,0,0,DCHG, ,
4590.0,1,1,1,1,1,4590.0,-1.57,12.351,-19.3,-2,-25.01,0,0,DCHG, ,
4620.0,1,1,1,1,1,4620.0,-1.57,12.348,-19.3,-2.01,-25.17,0,0,DCHG, ,
4650.0,1,1,1,1,1,4650.0,-1.57,12.346,-19.3,-2.02,-25.33,0,0,DCHG, ,
4680.0,1,1,1,1,1,4680.0,-1.57,12.343,-19.3,-2.04,-25.49,0,0,DCHG, ,
4710.0,1,1,1,1,1,4710.0,-1.57,12.34,-19.3,-2.05,-25.66,0,0,DCHG, ,
4740.0,1,1,1,1,1,4740.0,-1.57,12.337,-19.3,-2.06,-25.82,0,0,DCHG, ,
4770.0,1,1,1,1,1,4770.0,-1.57,12.335,-19.3,-2.07,-25.98,0,0,DCHG, ,
4800.0,1,1,1,1,1,4800.0,-1.57,12.331,-19.3,-2.09,-26.14,0,0,DCHG, ,
4830.0,1,1,1,1,1,4830.0,-1.57,12.328,-19.3,-2.1,-26.3,0,0,DCHG, ,
4860.0,1,1,1,1,1,4860.0,-1.57,12.326,-19.3,-2.11,-26.46,0,0,DCHG, ,
4890.0,1,1,1,1,1,4890.0,-1.57,12.323,-19.3,-2.13,-26.62,0,0,DCHG, ,
4920.0,1,1,1,1,1,4920.0,-1.57,12.32,-19.3,-2.14,-26.78,0,0,DCHG, ,
4950.0,1,1,1,1,1,4950.0,-1.57,12.317,-19.3,-2.15,-26.94,0,0,DCHG, ,
4980.0,1,1,1,1,1,4980.0,-1.57,12.314,-19.3,-2.17,-27.1,0,0,DCHG, ,
5010.0,1,1,1,1,1,5010.0,-1.57,12.312,-19.3,-2.18,-27.26,0,0,DCHG, ,
5040.0,1,1,1,1,1,5040.0,-1.57,12.308,-19.3,-2.19,-27.42,0,0,DCHG, ,
5070.0,1,1,1,1,1,5070.0,-1.57,12.306,-19.2,-2.21,-27.58,0,0,DCHG, ,
5100.0,1,1,1,1,1,5100.0,-1.57,12.303,-19.2,-2.22,-27.75,0,0,DCHG, ,
5130.0,1,1,1,1,1,5130.0,-1.57,12.3,-19.3,-2.23,-27.91,0,0,DCHG, ,
5160.0,1,1,1,1,1,5160.0,-1.57,12.297,-19.2,-2.24,-28.07,0,0,DCHG, ,
5190.0,1,1,1,1,1,5190.0,-1.57,12.294,-19.2,-2.26,-28.23,0,0,DCHG, ,
5220.0,1,1,1,1,1,5220.0,-1.57,12.292,-19.2,-2.27,-28.39,0,0,DCHG, ,
5250.0,1,1,1,1,1,5250.0,-1.56,12.289,-19.1,-2.28,-28.55,0,0,DCHG, ,
5280.0,1,1,1,1,1,5280.0,-1.56,12.286,-19.1,-2.3,-28.71,0,0,DCHG, ,
5310.0,1,1,1,1,1,5310.0,-1.57,12.283,-19.2,-2.31,-28.87,0,0,DCHG, ,
5340.0,1,1,1,1,1,5340.0,-1.57,12.28,-19.2,-2.32,-29.03,0,0,DCHG, ,
5370.0,1,1,1,1,1,5370.0,-1.57,12.277,-19.2,-2.34,-29.19,0,0,DCHG, ,
5400.0,1,1,1,1,1,5400.0,-1.57,12.275,-19.2,-2.35,-29.35,0,0,DCHG, ,
5430.0,1,1,1,1,1,5430.0,-1.57,12.271,-19.2,-2.36,-29.51,0,0,DCHG, ,
5460.0,1,1,1,1,1,5460.0,-1.57,12.269,-19.2,-2.38,-29.67,0,0,DCHG, ,
5490.0,1,1,1,1,1,5490.0,-1.57,12.266,-19.2,-2.39,-29.83,0,0,DCHG, ,
5520.0,1,1,1,1,1,5520.0,-1.57,12.263,-19.2,-2.4,-29.99,0,0,DCHG, ,
5550.0,1,1,1,1,1,5550.0,-1.57,12.26,-19.2,-2.41,-30.15,0,0,DCHG, ,
5580.0,1,1,1,1,1,5580.0,-1.57,12.258,-19.2,-2.43,-30.31,0,0,DCHG, ,
5610.0,1,1,1,1,1,5610.0,-1.57,12.254,-19.2,-2.44,-30.47,0,0,DCHG, ,
5640.0,1,1,1,1,1,5640.0,-1.57,12.251,-19.2,-2.45,-30.63,0,0,DCHG, ,
5670.0,1,1,1,1,1,5670.0,-1.57,12.249,-19.2,-2.47,-30.79,0,0,DCHG, ,
5700.0,1,1,1,1,1,5700.0,-1.57,12.246,-19.2,-2.48,-30.95,0,0,DCHG, ,
5730.0,1,1,1,1,1,5730.0,-1.57,12.243,-19.1,-2.49,-31.11,0,0,DCHG, ,
5760.0,1,1,1,1,1,5760.0,-1.57,12.24,-19.2,-2.51,-31.26,0,0,DCHG, ,
5790.0,1,1,1,1,1,5790.0,-1.57,12.237,-19.1,-2.52,-31.42,0,0,DCHG, ,
5820.0,1,1,1,1,1,5820.0,-1.57,12.234,-19.1,-2.53,-31.58,0,0,DCHG, ,
5850.0,1,1,1,1,1,5850.0,-1.57,12.231,-19.1,-2.55,-31.74,0,0,DCHG, ,
5880.0,1,1,1,1,1,5880.0,-1.57,12.229,-19.1,-2.56,-31.9,0,0,DCHG, ,
5910.0,1,1,1,1,1,5910.0,-1.57,12.225,-19.1,-2.57,-32.06,0,0,DCHG, ,
5940.0,1,1,1,1,1,5940.0,-1.57,12.223,-19.1,-2.58,-32.22,0,0,DCHG, ,
5970.0,1,1,1,1,1,5970.0,-1.57,12.219,-19.1,-2.6,-32.38,0,0,DCHG, ,
6000.0,1,1,1,1,1,6000.0,-1.57,12.217,-19.1,-2.61,-32.54,0,0,DCHG, ,
6030.0,1,1,1,1,1,6030.0,-1.57,12.213,-19.1,-2.62,-32.7,0,0,DCHG, ,
6060.0,1,1,1,1,1,6060.0,-1.57,12.21,-19.1,-2.64,-32.86,0,0,DCHG, ,
6090.0,1,1,1,1,1,6090.0,-1.57,12.208,-19.1,-2.65,-33.02,0,0,DCHG, ,
6120.0,1,1,1,1,1,6120.0,-1.57,12.205,-19.1,-2.66,-33.17,0,0,DCHG, ,
6150.0,1,1,1,1,1,6150.0,-1.57,12.203,-19.1,-2.68,-33.33,0,0,DCHG, ,
6180.0,1,1,1,1,1,6180.0,-1.57,12.2,-19.1,-2.69,-33.49,0,0,DCHG, ,
6210.0,1,1,1,1,1,6210.0,-1.57,12.196,-19.1,-2.7,-33.65,0,0,DCHG, ,
6240.0,1,1,1,1,1,6240.0,-1.57,12.193,-19.1,-2.72,-33.81,0,0,DCHG, ,
6270.0,1,1,1,1,1,6270.0,-1.57,12.19,-19.1,-2.73,-33.97,0,0,DCHG, ,
6300.0,1,1,1,1,1,6300.0,-1.57,12.187,-19.1,-2.74,-34.13,0,0,DCHG, ,
6330.0,1,1,1,1,1,6330.0,-1.56,12.184,-19,-2.75,-34.29,0,0,DCHG, ,
6360.0,1,1,1,1,1,6360.0,-1.57,12.181,-19.1,-2.77,-34.45,0,0,DCHG, ,
6390.0,1,1,1,1,1,6390.0,-1.57,12.178,-19,-2.78,-34.61,0,0,DCHG, ,
6420.0,1,1,1,1,1,6420.0,-1.57,12.175,-19,-2.79,-34.77,0,0,DCHG, ,
6450.0,1,1,1,1,1,6450.0,-1.57,12.172,-19,-2.81,-34.92,0,0,DCHG, ,
6480.0,1,1,1,1,1,6480.0,-1.57,12.17,-19,-2.82,-35.08,0,0,DCHG, ,
6510.0,1,1,1,1,1,6510.0,-1.57,12.167,-19,-2.83,-35.24,0,0,DCHG, ,
6540.0,1,1,1,1,1,6540.0,-1.57,12.163,-19,-2.85,-35.4,0,0,DCHG, ,
6570.0,1,1,1,1,1,6570.0,-1.57,12.16,-19,-2.86,-35.56,0,0,DCHG, ,
6600.0,1,1,1,1,1,6600.0,-1.57,12.157,-19,-2.87,-35.72,0,0,DCHG, ,
6630.0,1,1,1,1,1,6630.0,-1.57,12.154,-19,-2.89,-35.87,0,0,DCHG, ,
6660.0,1,1,1,1,1,6660.0,-1.57,12.151,-19,-2.9,-36.03,0,0,DCHG, ,
6690.0,1,1,1,1,1,6690.0,-1.57,12.148,-19,-2.91,-36.19,0,0,DCHG, ,
6720.0,1,1,1,1,1,6720.0,-1.57,12.145,-19,-2.92,-36.35,0,0,DCHG, ,
6750.0,1,1,1,1,1,6750.0,-1.57,12.142,-19,-2.94,-36.51,0,0,DCHG, ,
6780.0,1,1,1,1,1,6780.0,-1.57,12.139,-19,-2.95,-36.67,0,0,DCHG, ,
6810.0,1,1,1,1,1,6810.0,-1.57,12.136,-19,-2.96,-36.82,0,0,DCHG, ,
6840.0,1,1,1,1,1,6840.0,-1.57,12.133,-19,-2.98,-36.98,0,0,DCHG, ,
6870.0,1,1,1,1,1,6870.0,-1.57,12.13,-19,-2.99,-37.14,0,0,DCHG, ,
6900.0,1,1,1,1,1,6900.0,-1.57,12.127,-19,-3,-37.3,0,0,DCHG, ,
6930.0,1,1,1,1,1,6930.0,-1.57,12.124,-18.9,-3.02,-37.46,0,0,DCHG, ,
6960.0,1,1,1,1,1,6960.0,-1.57,12.121,-19,-3.03,-37.62,0,0,DCHG, ,
6990.0,1,1,1,1,1,6990.0,-1.57,12.117,-19,-3.04,-37.77,0,0,DCHG, ,
7020.0,1,1,1,1,1,7020.0,-1.57,12.115,-19,-3.06,-37.93,0,0,DCHG, ,
7050.0,1,1,1,1,1,7050.0,-1.57,12.112,-18.9,-3.07,-38.09,0,0,DCHG, ,
7080.0,1,1,1,1,1,7080.0,-1.57,12.109,-18.9,-3.08,-38.25,0,0,DCHG, ,
7110.0,1,1,1,1,1,7110.0,-1.57,12.106,-18.9,-3.09,-38.41,0,0,DCHG, ,
7140.0,1,1,1,1,1,7140.0,-1.57,12.103,-18.9,-3.11,-38.56,0,0,DCHG, ,
7170.0,1,1,1,1,1,7170.0,-1.57,12.1,-18.9,-3.12,-38.72,0,0,DCHG, ,
7200.0,1,1,1,1,1,7200.0,-1.57,12.097,-18.9,-3.13,-38.88,0,0,DCHG, ,
7230.0,1,1,1,1,1,7230.0,-1.57,12.093,-18.9,-3.15,-39.04,0,0,DCHG, ,
7260.0,1,1,1,1,1,7260.0,-1.56,12.091,-18.9,-3.16,-39.19,0,0,DCHG, ,
7290.0,1,1,1,1,1,7290.0,-1.57,12.087,-18.9,-3.17,-39.35,0,0,DCHG, ,
7320.0,1,1,1,1,1,7320.0,-1.57,12.085,-18.9,-3.19,-39.51,0,0,DCHG, ,
7350.0,1,1,1,1,1,7350.0,-1.57,12.081,-18.9,-3.2,-39.67,0,0,DCHG, ,
7380.0,1,1,1,1,1,7380.0,-1.57,12.078,-18.9,-3.21,-39.82,0,0,DCHG, ,
7410.0,1,1,1,1,1,7410.0,-1.56,12.075,-18.8,-3.23,-39.98,0,0,DCHG, ,
7440.0,1,1,1,1,1,7440.0,-1.57,12.072,-18.9,-3.24,-40.14,0,0,DCHG, ,
7470.0,1,1,1,1,1,7470.0,-1.57,12.069,-18.9,-3.25,-40.29,0,0,DCHG, ,
7500.0,1,1,1,1,1,7500.0,-1.57,12.066,-18.9,-3.26,-40.45,0,0,DCHG, ,
7530.0,1,1,1,1,1,7530.0,-1.57,12.062,-18.9,-3.28,-40.61,0,0,DCHG, ,
7560.0,1,1,1,1,1,7560.0,-1.57,12.06,-18.9,-3.29,-40.77,0,0,DCHG, ,
7590.0,1,1,1,1,1,7590.0,-1.57,12.057,-18.9,-3.3,-40.92,0,0,DCHG, ,
7620.0,1,1,1,1,1,7620.0,-1.57,12.054,-18.9,-3.32,-41.08,0,0,DCHG, ,
7650.0,1,1,1,1,1,7650.0,-1.57,12.05,-18.9,-3.33,-41.24,0,0,DCHG, ,
7680.0,1,1,1,1,1,7680.0,-1.57,12.047,-18.8,-3.34,-41.4,0,0,DCHG, ,
7710.0,1,1,1,1,1,7710.0,-1.57,12.044,-18.9,-3.36,-41.55,0,0,DCHG, ,
7740.0,1,1,1,1,1,7740.0,-1.57,12.041,-18.8,-3.37,-41.71,0,0,DCHG, ,
7770.0,1,1,1,1,1,7770.0,-1.57,12.038,-18.8,-3.38,-41.87,0,0,DCHG, ,
7800.0,1,1,1,1,1,7800.0,-1.57,12.035,-18.8,-3.4,-42.02,0,0,DCHG, ,
7830.0,1,1,1,1,1,7830.0,-1.57,12.031,-18.8,-3.41,-42.18,0,0,DCHG, ,
7860.0,1,1,1,1,1,7860.0,-1.57,12.028,-18.8,-3.42,-42.34,0,0,DCHG, ,
7890.0,1,1,1,1,1,7890.0,-1.57,12.025,-18.8,-3.43,-42.49,0,0,DCHG, ,
7920.0,1,1,1,1,1,7920.0,-1.57,12.022,-18.8,-3.45,-42.65,0,0,DCHG, ,
7950.0,1,1,1,1,1,7950.0,-1.57,12.019,-18.8,-3.46,-42.81,0,0,DCHG, ,
7980.0,1,1,1,1,1,7980.0,-1.57,12.015,-18.8,-3.47,-42.96,0,0,DCHG, ,
8010.0,1,1,1,1,1,8010.0,-1.57,12.013,-18.8,-3.49,-43.12,0,0,DCHG, ,
8040.0,1,1,1,1,1,8040.0,-1.57,12.009,-18.8,-3.5,-43.28,0,0,DCHG, ,
8070.0,1,1,1,1,1,8070.0,-1.57,12.006,-18.8,-3.51,-43.43,0,0,DCHG, ,
8100.0,1,1,1,1,1,8100.0,-1.57,12.003,-18.8,-3.53,-43.59,0,0,DCHG, ,
8130.0,1,1,1,1,1,8130.0,-1.57,12,-18.8,-3.54,-43.75,0,0,DCHG, ,
8160.0,1,1,1,1,1,8160.0,-1.57,11.996,-18.8,-3.55,-43.9,0,0,DCHG, ,
8190.0,1,1,1,1,1,8190.0,-1.57,11.993,-18.8,-3.57,-44.06,0,0,DCHG, ,
8220.0,1,1,1,1,1,8220.0,-1.57,11.99,-18.8,-3.58,-44.22,0,0,DCHG, ,
8250.0,1,1,1,1,1,8250.0,-1.57,11.987,-18.7,-3.59,-44.37,0,0,DCHG, ,
8280.0,1,1,1,1,1,8280.0,-1.57,11.982,-18.7,-3.6,-44.53,0,0,DCHG, ,
8310.0,1,1,1,1,1,8310.0,-1.57,11.98,-18.7,-3.62,-44.68,0,0,DCHG, ,
8340.0,1,1,1,1,1,8340.0,-1.57,11.977,-18.7,-3.63,-44.84,0,0,DCHG, ,
8370.0,1,1,1,1,1,8370.0,-1.57,11.974,-18.7,-3.64,-45,0,0,DCHG, ,
8400.0,1,1,1,1,1,8400.0,-1.57,11.971,-18.7,-3.66,-45.15,0,0,DCHG, ,
8430.0,1,1,1,1,1,8430.0,-1.57,11.966,-18.7,-3.67,-45.31,0,0,DCHG, ,
8460.0,1,1,1,1,1,8460.0,-1.57,11.964,-18.7,-3.68,-45.46,0,0,DCHG, ,
8490.0,1,1,1,1,1,8490.0,-1.57,11.96,-18.7,-3.7,-45.62,0,0,DCHG, ,
8520.0,1,1,1,1,1,8520.0,-1.57,11.957,-18.7,-3.71,-45.78,0,0,DCHG, ,
8550.0,1,1,1,1,1,8550.0,-1.57,11.954,-18.7,-3.72,-45.93,0,0,DCHG, ,
8580.0,1,1,1,1,1,8580.0,-1.56,11.951,-18.6,-3.74,-46.09,0,0,DCHG, ,
8610.0,1,1,1,1,1,8610.0,-1.57,11.948,-18.7,-3.75,-46.24,0,0,DCHG, ,
8640.0,1,1,1,1,1,8640.0,-1.57,11.945,-18.7,-3.76,-46.4,0,0,DCHG, ,
8670.0,1,1,1,1,1,8670.0,-1.57,11.942,-18.7,-3.77,-46.55,0,0,DCHG, ,
8700.0,1,1,1,1,1,8700.0,-1.57,11.938,-18.7,-3.79,-46.71,0,0,DCHG, ,
8730.0,1,1,1,1,1,8730.0,-1.57,11.935,-18.7,-3.8,-46.87,0,0,DCHG, ,
8760.0,1,1,1,1,1,8760.0,-1.57,11.931,-18.7,-3.81,-47.02,0,0,DCHG, ,
8790.0,1,1,1,1,1,8790.0,-1.57,11.928,-18.6,-3.83,-47.18,0,0,DCHG, ,
8820.0,1,1,1,1,1,8820.0,-1.57,11.925,-18.7,-3.84,-47.33,0,0,DCHG, ,
8850.0,1,1,1,1,1,8850.0,-1.57,11.921,-18.6,-3.85,-47.49,0,0,DCHG, ,
8880.0,1,1,1,1,1,8880.0,-1.57,11.918,-18.6,-3.87,-47.64,0,0,DCHG, ,
8910.0,1,1,1,1,1,8910.0,-1.57,11.915,-18.7,-3.88,-47.8,0,0,DCHG, ,
8940.0,1,1,1,1,1,8940.0,-1.57,11.911,-18.6,-3.89,-47.95,0,0,DCHG, ,
8970.0,1,1,1,1,1,8970.0,-1.57,11.908,-18.6,-3.91,-48.11,0,0,DCHG, ,
9000.0,1,1,1,1,1,9000.0,-1.57,11.906,-18.6,-3.92,-48.26,0,0,DCHG, ,
9030.0,1,1,1,1,1,9030.0,-1.57,11.902,-18.6,-3.93,-48.42,0,0,DCHG, ,
9060.0,1,1,1,1,1,9060.0,-1.57,11.899,-18.6,-3.94,-48.57,0,0,DCHG, ,
9090.0,1,1,1,1,1,9090.0,-1.57,11.895,-18.6,-3.96,-48.73,0,0,DCHG, ,
9120.0,1,1,1,1,1,9120.0,-1.57,11.892,-18.6,-3.97,-48.88,0,0,DCHG, ,
9150.0,1,1,1,1,1,9150.0,-1.57,11.888,-18.6,-3.98,-49.04,0,0,DCHG, ,
9180.0,1,1,1,1,1,9180.0,-1.57,11.885,-18.6,-4,-49.19,0,0,DCHG, ,
9210.0,1,1,1,1,1,9210.0,-1.57,11.882,-18.6,-4.01,-49.35,0,0,DCHG, ,
9240.0,1,1,1,1,1,9240.0,-1.57,11.878,-18.6,-4.02,-49.5,0,0,DCHG, ,
9270.0,1,1,1,1,1,9270.0,-1.57,11.875,-18.6,-4.04,-49.66,0,0,DCHG, ,
9300.0,1,1,1,1,1,9300.0,-1.57,11.871,-18.6,-4.05,-49.81,0,0,DCHG, ,
9330.0,1,1,1,1,1,9330.0,-1.57,11.868,-18.6,-4.06,-49.97,0,0,DCHG, ,
9360.0,1,1,1,1,1,9360.0,-1.57,11.865,-18.6,-4.08,-50.12,0,0,DCHG, ,
9390.0,1,1,1,1,1,9390.0,-1.57,11.862,-18.6,-4.09,-50.28,0,0,DCHG, ,
9420.0,1,1,1,1,1,9420.0,-1.57,11.858,-18.5,-4.1,-50.43,0,0,DCHG, ,
9450.0,1,1,1,1,1,9450.0,-1.57,11.855,-18.6,-4.11,-50.59,0,0,DCHG, ,
9480.0,1,1,1,1,1,9480.0,-1.57,11.851,-18.5,-4.13,-50.74,0,0,DCHG, ,
9510.0,1,1,1,1,1,9510.0,-1.57,11.848,-18.5,-4.14,-50.9,0,0,DCHG, ,
9540.0,1,1,1,1,1,9540.0,-1.57,11.844,-18.5,-4.15,-51.05,0,0,DCHG, ,
9570.0,1,1,1,1,1,9570.0,-1.57,11.84,-18.5,-4.17,-51.21,0,0,DCHG, ,
9600.0,1,1,1,1,1,9600.0,-1.57,11.837,-18.5,-4.18,-51.36,0,0,DCHG, ,
9630.0,1,1,1,1,1,9630.0,-1.57,11.834,-18.5,-4.19,-51.51,0,0,DCHG, ,
9660.0,1,1,1,1,1,9660.0,-1.57,11.83,-18.5,-4.21,-51.67,0,0,DCHG, ,
9690.0,1,1,1,1,1,9690.0,-1.57,11.826,-18.5,-4.22,-51.82,0,0,DCHG, ,
9720.0,1,1,1,1,1,9720.0,-1.57,11.823,-18.5,-4.23,-51.98,0,0,DCHG, ,
9750.0,1,1,1,1,1,9750.0,-1.57,11.819,-18.5,-4.25,-52.13,0,0,DCHG, ,
9780.0,1,1,1,1,1,9780.0,-1.57,11.816,-18.5,-4.26,-52.28,0,0,DCHG, ,
9810.0,1,1,1,1,1,9810.0,-1.57,11.813,-18.5,-4.27,-52.44,0,0,DCHG, ,
9840.0,1,1,1,1,1,9840.0,-1.57,11.809,-18.5,-4.28,-52.59,0,0,DCHG, ,
9870.0,1,1,1,1,1,9870.0,-1.57,11.805,-18.5,-4.3,-52.75,0,0,DCHG, ,
9900.0,1,1,1,1,1,9900.0,-1.57,11.802,-18.5,-4.31,-52.9,0,0,DCHG, ,
9930.0,1,1,1,1,1,9930.0,-1.57,11.798,-18.5,-4.32,-53.05,0,0,DCHG, ,
9960.0,1,1,1,1,1,9960.0,-1.57,11.795,-18.5,-4.34,-53.21,0,0,DCHG, ,
9990.0,1,1,1,1,1,9990.0,-1.57,11.791,-18.5,-4.35,-53.36,0,0,DCHG, ,
10020.0,1,1,1,1,1,10020.0,-1.57,11.788,-18.4,-4.36,-53.52,0,0,DCHG, ,
10050.0,1,1,1,1,1,10050.0,-1.56,11.785,-18.4,-4.38,-53.67,0,0,DCHG, ,
10080.0,1,1,1,1,1,10080.0,-1.57,11.781,-18.4,-4.39,-53.82,0,0,DCHG, ,
10110.0,1,1,1,1,1,10110.0,-1.57,11.777,-18.4,-4.4,-53.98,0,0,DCHG, ,
10140.0,1,1,1,1,1,10140.0,-1.57,11.773,-18.4,-4.42,-54.13,0,0,DCHG, ,
10170.0,1,1,1,1,1,10170.0,-1.57,11.77,-18.4,-4.43,-54.28,0,0,DCHG, ,
10200.0,1,1,1,1,1,10200.0,-1.57,11.766,-18.4,-4.44,-54.44,0,0,DCHG, ,
10230.0,1,1,1,1,1,10230.0,-1.57,11.762,-18.4,-4.45,-54.59,0,0,DCHG, ,
10260.0,1,1,1,1,1,10260.0,-1.57,11.759,-18.4,-4.47,-54.74,0,0,DCHG, ,
10290.0,1,1,1,1,1,10290.0,-1.57,11.756,-18.4,-4.48,-54.9,0,0,DCHG, ,
10320.0,1,1,1,1,1,10320.0,-1.57,11.752,-18.4,-4.49,-55.05,0,0,DCHG, ,
10350.0,1,1,1,1,1,10350.0,-1.57,11.748,-18.4,-4.51,-55.2,0,0,DCHG, ,
10380.0,1,1,1,1,1,10380.0,-1.57,11.744,-18.4,-4.52,-55.36,0,0,DCHG, ,
10410.0,1,1,1,1,1,10410.0,-1.57,11.741,-18.4,-4.53,-55.51,0,0,DCHG, ,
10440.0,1,1,1,1,1,10440.0,-1.57,11.737,-18.4,-4.55,-55.66,0,0,DCHG, ,
10470.0,1,1,1,1,1,10470.0,-1.57,11.734,-18.4,-4.56,-55.82,0,0,DCHG, ,
10500.0,1,1,1,1,1,10500.0,-1.57,11.73,-18.3,-4.57,-55.97,0,0,DCHG, ,
10530.0,1,1,1,1,1,10530.0,-1.57,11.726,-18.3,-4.59,-56.12,0,0,DCHG, ,
10560.0,1,1,1,1,1,10560.0,-1.57,11.722,-18.3,-4.6,-56.27,0,0,DCHG, ,
10590.0,1,1,1,1,1,10590.0,-1.57,11.719,-18.3,-4.61,-56.43,0,0,DCHG, ,
10620.0,1,1,1,1,1,10620.0,-1.56,11.715,-18.2,-4.62,-56.58,0,0,DCHG, ,
10650.0,1,1,1,1,1,10650.0,-1.57,11.711,-18.3,-4.64,-56.73,0,0,DCHG, ,
10680.0,1,1,1,1,1,10680.0,-1.57,11.707,-18.3,-4.65,-56.88,0,0,DCHG, ,
10710.0,1,1,1,1,1,10710.0,-1.57,11.703,-18.3,-4.66,-57.04,0,0,DCHG, ,
10740.0,1,1,1,1,1,10740.0,-1.57,11.7,-18.3,-4.68,-57.19,0,0,DCHG, ,
10770.0,1,1,1,1,1,10770.0,-1.57,11.696,-18.3,-4.69,-57.34,0,0,DCHG, ,
10800.0,1,1,1,1,1,10800.0,-1.57,11.692,-18.3,-4.7,-57.49,0,0,DCHG, ,
10830.0,1,1,1,1,1,10830.0,-1.57,11.688,-18.3,-4.72,-57.65,0,0,DCHG, ,
10860.0,1,1,1,1,1,10860.0,-1.57,11.684,-18.3,-4.73,-57.8,0,0,DCHG, ,
10890.0,1,1,1,1,1,10890.0,-1.57,11.681,-18.3,-4.74,-57.95,0,0,DCHG, ,
10920.0,1,1,1,1,1,10920.0,-1.57,11.677,-18.3,-4.76,-58.1,0,0,DCHG, ,
10950.0,1,1,1,1,1,10950.0,-1.57,11.673,-18.3,-4.77,-58.26,0,0,DCHG, ,
10980.0,1,1,1,1,1,10980.0,-1.57,11.669,-18.3,-4.78,-58.41,0,0,DCHG, ,
11010.0,1,1,1,1,1,11010.0,-1.57,11.665,-18.2,-4.79,-58.56,0,0,DCHG, ,
11040.0,1,1,1,1,1,11040.0,-1.57,11.662,-18.3,-4.81,-58.71,0,0,DCHG, ,
11070.0,1,1,1,1,1,11070.0,-1.57,11.657,-18.2,-4.82,-58.86,0,0,DCHG, ,
11100.0,1,1,1,1,1,11100.0,-1.57,11.654,-18.2,-4.83,-59.02,0,0,DCHG, ,
11130.0,1,1,1,1,1,11130.0,-1.57,11.649,-18.2,-4.85,-59.17,0,0,DCHG, ,
11160.0,1,1,1,1,1,11160.0,-1.57,11.646,-18.2,-4.86,-59.32,0,0,DCHG, ,
11190.0,1,1,1,1,1,11190.0,-1.57,11.642,-18.2,-4.87,-59.47,0,0,DCHG, ,
11220.0,1,1,1,1,1,11220.0,-1.57,11.638,-18.2,-4.89,-59.62,0,0,DCHG, ,
11250.0,1,1,1,1,1,11250.0,-1.57,11.634,-18.2,-4.9,-59.77,0,0,DCHG, ,
11280.0,1,1,1,1,1,11280.0,-1.57,11.63,-18.2,-4.91,-59.93,0,0,DCHG, ,
11310.0,1,1,1,1,1,11310.0,-1.57,11.626,-18.2,-4.93,-60.08,0,0,DCHG, ,
11340.0,1,1,1,1,1,11340.0,-1.57,11.622,-18.2,-4.94,-60.23,0,0,DCHG, ,
11370.0,1,1,1,1,1,11370.0,-1.57,11.617,-18.2,-4.95,-60.38,0,0,DCHG, ,
11400.0,1,1,1,1,1,11400.0,-1.57,11.613,-18.2,-4.96,-60.53,0,0,DCHG, ,
11430.0,1,1,1,1,1,11430.0,-1.57,11.609,-18.2,-4.98,-60.68,0,0,DCHG, ,
11460.0,1,1,1,1,1,11460.0,-1.57,11.605,-18.2,-4.99,-60.84,0,0,DCHG, ,
11490.0,1,1,1,1,1,11490.0,-1.57,11.601,-18.1,-5,-60.99,0,0,DCHG, ,
11520.0,1,1,1,1,1,11520.0,-1.57,11.597,-18.1,-5.02,-61.14,0,0,DCHG, ,
11550.0,1,1,1,1,1,11550.0,-1.57,11.593,-18.1,-5.03,-61.29,0,0,DCHG, ,
11580.0,1,1,1,1,1,11580.0,-1.57,11.589,-18.1,-5.04,-61.44,0,0,DCHG, ,
11610.0,1,1,1,1,1,11610.0,-1.57,11.585,-18.1,-5.06,-61.59,0,0,DCHG, ,
11640.0,1,1,1,1,1,11640.0,-1.57,11.581,-18.1,-5.07,-61.74,0,0,DCHG, ,
11670.0,1,1,1,1,1,11670.0,-1.57,11.576,-18.1,-5.08,-61.89,0,0,DCHG, ,
11700.0,1,1,1,1,1,11700.0,-1.57,11.572,-18.1,-5.1,-62.04,0,0,DCHG, ,
11730.0,1,1,1,1,1,11730.0,-1.57,11.568,-18.1,-5.11,-62.19,0,0,DCHG, ,
11760.0,1,1,1,1,1,11760.0,-1.57,11.564,-18.1,-5.12,-62.35,0,0,DCHG, ,
11790.0,1,1,1,1,1,11790.0,-1.57,11.559,-18.1,-5.13,-62.5,0,0,DCHG, ,
11820.0,1,1,1,1,1,11820.0,-1.57,11.555,-18.1,-5.15,-62.65,0,0,DCHG, ,
11850.0,1,1,1,1,1,11850.0,-1.57,11.55,-18.1,-5.16,-62.8,0,0,DCHG, ,
11880.0,1,1,1,1,1,11880.0,-1.57,11.546,-18.1,-5.17,-62.95,0,0,DCHG, ,
11910.0,1,1,1,1,1,11910.0,-1.56,11.542,-18,-5.19,-63.1,0,0,DCHG, ,
11940.0,1,1,1,1,1,11940.0,-1.57,11.538,-18,-5.2,-63.25,0,0,DCHG, ,
11970.0,1,1,1,1,1,11970.0,-1.57,11.533,-18,-5.21,-63.4,0,0,DCHG, ,
12000.0,1,1,1,1,1,12000.0,-1.57,11.529,-18,-5.23,-63.55,0,0,DCHG, ,
12030.0,1,1,1,1,1,12030.0,-1.57,11.525,-18,-5.24,-63.7,0,0,DCHG, ,
12060.0,1,1,1,1,1,12060.0,-1.57,11.52,-18,-5.25,-63.85,0,0,DCHG, ,
12090.0,1,1,1,1,1,12090.0,-1.57,11.515,-18,-5.27,-64,0,0,DCHG, ,
12120.0,1,1,1,1,1,12120.0,-1.57,11.511,-18,-5.28,-64.15,0,0,DCHG, ,
12150.0,1,1,1,1,1,12150.0,-1.57,11.507,-18,-5.29,-64.3,0,0,DCHG, ,
12180.0,1,1,1,1,1,12180.0,-1.57,11.502,-18,-5.3,-64.45,0,0,DCHG, ,
12210.0,1,1,1,1,1,12210.0,-1.57,11.498,-18,-5.32,-64.6,0,0,DCHG, ,
12240.0,1,1,1,1,1,12240.0,-1.57,11.493,-18,-5.33,-64.75,0,0,DCHG, ,
12270.0,1,1,1,1,1,12270.0,-1.57,11.489,-18,-5.34,-64.9,0,0,DCHG, ,
12300.0,1,1,1,1,1,12300.0,-1.57,11.483,-18,-5.36,-65.05,0,0,DCHG, ,
12330.0,1,1,1,1,1,12330.0,-1.57,11.479,-18,-5.37,-65.2,0,0,DCHG, ,
12360.0,1,1,1,1,1,12360.0,-1.57,11.474,-18,-5.38,-65.35,0,0,DCHG, ,
12386.7,1,1,1,1,1,12386.7,-1.57,11.47,-18,-5.4,-65.48,0,0,DCHG,Q,
Total Number of Data Lines in the Database: 0000000413