Date/Time;CV1_SP;CV1_AV;CV2_SP;CV2_AV;CV3_SP;CV3_AV;SV1_SP;SV2_SP;SV3_SP;MV1_AV;MV2_AV;MV3_AV;MV4_AV;MV5_AV;MV6_AV;
2025.02.24 00:00:38;25.000;25.154;0.000;0.000;0.000;0.069;100.000;5.000;15.000;0.000;0.000;0.000;0.000;0.000;0.000
2025.02.24 00:01:38;25.000;25.152;0.000;0.000;0.000;0.069;100.000;5.000;15.000;0.000;0.000;0.000;0.000;0.000;0.000
2025.02.24 00:02:38;25.000;25.153;0.000;0.000;0.000;0.069;100.000;5.000;15.000;0.000;0.000;0.000;0.000;0.000;0.000
2025.02.24 00:03:38;25.000;25.153;0.000;0.000;0.000;0.069;100.000;5.000;15.000;0.000;0.000;0.000;0.000;0.000;0.000
2025.02.24 00:04:38;25.000;25.153;0.000;0.000;0.000;0.069;100.000;5.000;15.000;0.000;0.000;0.000;0.000;0.000;0.000
2025.02.24 00:05:38;25.000;25.153;0.000;0.000;0.000;0.069;100.000;5.000;15.000;0.000;0.000;0.000;0.000;0.000;0.000
2025.02.24 00:06:38;25.000;25.152;0.000;0.000;0.000;0.069;100.000;5.000;15.000;0.000;0.000;0.000;0.000;0.000;0.000
2025.02.24 00:07:38;25.000;25.153;0.000;0.000;0.000;0.069;100.000;5.000;15.000;0.000;0.000;0.000;0.000;0.000;0.000
2025.02.24 00:08:38;25.000;25.152;0.000;0.000;0.000;0.069;100.000;5.000;15.000;0.000;0.000;0.000;0.000;0.000;0.000
2025.02.24 00:09:38;25.000;25.152;0.000;0.000;0.000;0.069;100.000;5.000;15.000;0.000;0.000;0.000;0.000;0.000;0.000
2025.02.24 00:10:38;25.000;25.152;0.000;0.000;0.000;0.069;100.000;5.000;15.000;0.000;0.000;0.000;0.000;0.000;0.000
2025.02.24 00:11:38;25.000;25.150;0.000;0.000;0.000;0.069;100.000;5.000;15.000;0.000;0.000;0.000;0.000;0.000;0.000
2025.02.24 00:12:39;25.000;25.150;0.000;0.000;0.000;0.069;100.000;5.000;15.000;0.000;0.000;0.000;0.000;0.000;0.000
2025.02.24 00:13:39;25.000;25.150;0.000;0.000;0.000;0.069;100.000;5.000;15.000;0.000;0.000;0.000;0.000;0.000;0.000
2025.02.24 00:14:39;25.000;25.150;0.000;0.000;0.000;0.069;100.000;5.000;15.000;0.000;0.000;0.000;0.000;0.000;0.000
2025.02.24 00:15:39;25.000;25.149;0.000;0.000;0.000;0.069;100.000;5.000;15.000;0.000;0.000;0.000;0.000;0.000;0.000
2025.02.24 00:16:39;25.000;25.150;0.000;0.000;0.000;0.069;100.000;5.000;15.000;0.000;0.000;0.000;0.000;0.000;0.000
2025.02.24 00:17:39;25.000;25.151;0.000;0.000;0.000;0.069;100.000;5.000;15.000;0.000;0.000;0.000;0.000;0.000;0.000
2025.02.24 00:18:39;25.000;25.149;0.000;0.000;0.000;0.069;100.000;5.000;15.000;0.000;0.000;0.000;0.000;0.000;0.000
2025.02.24 00:19:39;25.000;25.147;0.000;0.000;0.000;0.069;100.000;5.000;15.000;0.000;0.000;0.000;0.000;0.000;0.000
2025.02.24 00:20:39;25.000;25.148;0.000;0.000;0.000;0.069;100.000;5.000;15.000;0.000;0.000;0.000;0.000;0.000;0.000
2025.02.24 00:21:39;25.000;25.148;0.000;0.000;0.000;0.069;100.000;5.000;15.000;0.000;0.000;0.000;0.000;0.000;0.000
2025.02.24 00:22:39;25.000;25.147;0.000;0.000;0.000;0.069;100.000;5.000;15.000;0.000;0.000;0.000;0.000;0.000;0.000
2025.02.24 00:23:39;25.000;25.147;0.000;0.000;0.000;0.069;100.000;5.000;15.000;0.000;0.000;0.000;0.000;0.000;0.000
2025.02.24 00:24:40;25.000;25.147;0.000;0.000;0.000;0.069;100.000;5.000;15.000;0.000;0.000;0.000;0.000;0.000;0.000
2025.02.24 00:25:40;25.000;25.146;0.000;0.000;0.000;0.069;100.000;5.000;15.000;0.000;0.000;0.000;0.000;0.000;0.000
2025.02.24 00:26:40;25.000;25.146;0.000;0.000;0.000;0.069;100.000;5.000;15.000;0.000;0.000;0.000;0.000;0.000;0.000
2025.02.24 00:27:40;25.000;25.147;0.000;0.000;0.000;0.069;100.000;5.000;15.000;0.000;0.000;0.000;0.000;0.000;0.000
2025.02.24 00:28:40;25.000;25.145;0.000;0.000;0.000;0.069;100.000;5.000;15.000;0.000;0.000;0.000;0.000;0.000;0.000
2025.02.24 00:29:40;25.000;25.146;0.000;0.000;0.000;0.069;100.000;5.000;15.000;0.000;0.000;0.000;0.000;0.000;0.000
2025.02.24 00:30:40;25.000;25.147;0.000;0.000;0.000;0.069;100.000;5.000;15.000;0.000;0.000;0.000;0.000;0.000;0.000
2025.02.24 00:31:40;25.000;25.145;0.000;0.000;0.000;0.069;100.000;5.000;15.000;0.000;0.000;0.000;0.000;0.000;0.000
2025.02.24 00:32:41;25.000;25.146;0.000;0.000;0.000;0.069;100.000;5.000;15.000;0.000;0.000;0.000;0.000;0.000;0.000
2025.02.24 00:33:41;25.000;25.145;0.000;0.000;0.000;0.069;100.000;5.000;15.000;0.000;0.000;0.000;0.000;0.000;0.000
2025.02.24 00:34:41;25.000;25.145;0.000;0.000;0.000;0.069;100.000;5.000;15.000;0.000;0.000;0.000;0.000;0.000;0.000
2025.02.24 00:35:41;25.000;25.144;0.000;0.000;0.000;0.069;100.000;5.000;15.000;0.000;0.000;0.000;0.000;0.000;0.000
2025.02.24 00:36:41;25.000;25.144;0.000;0.000;0.000;0.069;100.000;5.000;15.000;0.000;0.000;0.000;0.000;0.000;0.000
2025.02.24 00:37:41;25.000;25.144;0.000;0.000;0.000;0.069;100.000;5.000;15.000;0.000;0.000;0.000;0.000;0.000;0.000
2025.02.24 00:38:41;25.000;25.142;0.000;0.000;0.000;0.069;100.000;5.000;15.000;0.000;0.000;0.000;0.000;0.000;0.000
2025.02.24 00:39:41;25.000;25.144;0.000;0.000;0.000;0.069;100.000;5.000;15.000;0.000;0.000;0.000;0.000;0.000;0.000
2025.02.24 00:40:41;25.000;25.143;0.000;0.000;0.000;0.069;100.000;5.000;15.000;0.000;0.000;0.000;0.000;0.000;0.000
2025.02.24 00:41:42;25.000;25.142;0.000;0.000;0.000;0.069;100.000;5.000;15.000;0.000;0.000;0.000;0.000;0.000;0.000
2025.02.24 00:42:42;25.000;25.143;0.000;0.000;0.000;0.069;100.000;5.000;15.000;0.000;0.000;0.000;0.000;0.000;0.000
2025.02.24 00:43:42;25.000;25.141;0.000;0.000;0.000;0.069;100.000;5.000;15.000;0.000;0.000;0.000;0.000;0.000;0.000
2025.02.24 00:44:42;25.000;25.142;0.000;0.000;0.000;0.069;100.000;5.000;15.000;0.000;0.000;0.000;0.000;0.000;0.000
2025.02.24 00:45:42;25.000;25.142;0.000;0.000;0.000;0.069;100.000;5.000;15.000;0.000;0.000;0.000;0.000;0.000;0.000
2025.02.24 00:46:42;25.000;25.142;0.000;0.000;0.000;0.069;100.000;5.000;15.000;0.000;0.000;0.000;0.000;0.000;0.000
2025.02.24 00:47:42;25.000;25.142;0.000;0.000;0.000;0.069;100.000;5.000;15.000;0.000;0.000;0.000;0.000;0.000;0.000
2025.02.24 00:48:42;25.000;25.140;0.000;0.000;0.000;0.069;100.000;5.000;15.000;0.000;0.000;0.000;0.000;0.000;0.000
2025.02.24 00:49:42;25.000;25.141;0.000;0.000;0.000;0.069;100.000;5.000;15.000;0.000;0.000;0.000;0.000;0.000;0.000
2025.02.24 00:50:42;25.000;25.141;0.000;0.000;0.000;0.069;100.000;5.000;15.000;0.000;0.000;0.000;0.000;0.000;0.000
2025.02.24 00:51:42;25.000;25.141;0.000;0.000;0.000;0.069;100.000;5.000;15.000;0.000;0.000;0.000;0.000;0.000;0.000
2025.02.24 00:52:43;25.000;25.139;0.000;0.000;0.000;0.069;100.000;5.000;15.000;0.000;0.000;0.000;0.000;0.000;0.000
2025.02.24 00:53:43;25.000;25.141;0.000;0.000;0.000;0.069;100.000;5.000;15.000;0.000;0.000;0.000;0.000;0.000;0.000
2025.02.24 00:54:43;25.000;25.140;0.000;0.000;0.000;0.069;100.000;5.000;15.000;0.000;0.000;0.000;0.000;0.000;0.000
2025.02.24 00:55:43;25.000;25.137;0.000;0.000;0.000;0.069;100.000;5.000;15.000;0.000;0.000;0.000;0.000;0.000;0.000
2025.02.24 00:56:43;25.000;25.138;0.000;0.000;0.000;0.069;100.000;5.000;15.000;0.000;0.000;0.000;0.000;0.000;0.000
2025.02.24 00:57:43;25.000;25.139;0.000;0.000;0.000;0.069;100.000;5.000;15.000;0.000;0.000;0.000;0.000;0.000;0.000
2025.02.24 00:58:43;25.000;25.138;0.000;0.000;0.000;0.069;100.000;5.000;15.000;0.000;0.000;0.000;0.000;0.000;0.000
2025.02.24 00:59:43;25.000;25.137;0.000;0.000;0.000;0.069;100.000;5.000;15.000;0.000;0.000;0.000;0.000;0.000;0.000
2025.02.24 01:00:43;25.000;25.138;0.000;0.000;0.000;0.069;100.000;5.000;15.000;0.000;0.000;0.000;0.000;0.000;0.000
2025.02.24 01:01:43;25.000;25.137;0.000;0.000;0.000;0.069;100.000;5.000;15.000;0.000;0.000;0.000;0.000;0.000;0.000
2025.02.24 01:02:44;25.000;25.137;0.000;0.000;0.000;0.069;100.000;5.000;15.000;0.000;0.000;0.000;0.000;0.000;0.000
2025.02.24 01:03:44;25.000;25.136;0.000;0.000;0.000;0.069;100.000;5.000;15.000;0.000;0.000;0.000;0.000;0.000;0.000
2025.02.24 01:04:44;25.000;25.136;0.000;0.000;0.000;0.069;100.000;5.000;15.000;0.000;0.000;0.000;0.000;0.000;0.000
2025.02.24 01:05:44;25.000;25.135;0.000;0.000;0.000;0.069;100.000;5.000;15.000;0.000;0.000;0.000;0.000;0.000;0.000
2025.02.24 01:06:44;25.000;25.136;0.000;0.000;0.000;0.069;100.000;5.000;15.000;0.000;0.000;0.000;0.000;0.000;0.000
2025.02.24 01:07:44;25.000;25.137;0.000;0.000;0.000;0.069;100.000;5.000;15.000;0.000;0.000;0.000;0.000;0.000;0.000
2025.02.24 01:08:44;25.000;25.135;0.000;0.000;0.000;0.069;100.000;5.000;15.000;0.000;0.000;0.000;0.000;0.000;0.000
2025.02.24 01:09:44;25.000;25.135;0.000;0.000;0.000;0.069;100.000;5.000;15.000;0.000;0.000;0.000;0.000;0.000;0.000
2025.02.24 01:10:44;25.000;25.135;0.000;0.000;0.000;0.069;100.000;5.000;15.000;0.000;0.000;0.000;0.000;0.000;0.000
2025.02.24 01:11:44;25.000;25.135;0.000;0.000;0.000;0.069;100.000;5.000;15.000;0.000;0.000;0.000;0.000;0.000;0.000
2025.02.24 01:12:44;25.000;25.133;0.000;0.000;0.000;0.069;100.000;5.000;15.000;0.000;0.000;0.000;0.000;0.000;0.000
2025.02.24 01:13:44;25.000;25.135;0.000;0.000;0.000;0.069;100.000;5.000;15.000;0.000;0.000;0.000;0.000;0.000;0.000
2025.02.24 01:14:44;25.000;25.135;0.000;0.000;0.000;0.069;100.000;5.000;15.000;0.000;0.000;0.000;0.000;0.000;0.000
2025.02.24 01:15:44;25.000;25.133;0.000;0.000;0.000;0.069;100.000;5.000;15.000;0.000;0.000;0.000;0.000;0.000;0.000
2025.02.24 01:16:45;25.000;25.134;0.000;0.000;0.000;0.069;100.000;5.000;15.000;0.000;0.000;0.000;0.000;0.000;0.000
2025.02.24 01:17:45;25.000;25.133;0.000;0.000;0.000;0.069;100.000;5.000;15.000;0.000;0.000;0.000;0.000;0.000;0.000
2025.02.24 01:18:45;25.000;25.132;0.000;0.000;0.000;0.069;100.000;5.000;15.000;0.000;0.000;0.000;0.000;0.000;0.000
2025.02.24 01:19:45;25.000;25.133;0.000;0.000;0.000;0.069;100.000;5.000;15.000;0.000;0.000;0.000;0.000;0.000;0.000
2025.02.24 01:20:46;25.000;25.131;0.000;0.000;0.000;0.069;100.000;5.000;15.000;0.000;0.000;0.000;0.000;0.000;0.000
2025.02.24 01:21:46;25.000;25.130;0.000;0.000;0.000;0.069;100.000;5.000;15.000;0.000;0.000;0.000;0.000;0.000;0.000
2025.02.24 01:22:46;25.000;25.132;0.000;0.000;0.000;0.069;100.000;5.000;15.000;0.000;0.000;0.000;0.000;0.000;0.000
2025.02.24 01:23:46;25.000;25.130;0.000;0.000;0.000;0.069;100.000;5.000;15.000;0.000;0.000;0.000;0.000;0.000;0.000
2025.02.24 01:24:46;25.000;25.130;0.000;0.000;0.000;0.069;100.000;5.000;15.000;0.000;0.000;0.000;0.000;0.000;0.000
2025.02.24 01:25:46;25.000;25.129;0.000;0.000;0.000;0.069;100.000;5.000;15.000;0.000;0.000;0.000;0.000;0.000;0.000
2025.02.24 01:26:47;25.000;25.129;0.000;0.000;0.000;0.069;100.000;5.000;15.000;0.000;0.000;0.000;0.000;0.000;0.000
2025.02.24 01:27:47;25.000;25.130;0.000;0.000;0.000;0.069;100.000;5.000;15.000;0.000;0.000;0.000;0.000;0.000;0.000
2025.02.24 01:28:47;25.000;25.128;0.000;0.000;0.000;0.069;100.000;5.000;15.000;0.000;0.000;0.000;0.000;0.000;0.000
2025.02.24 01:29:47;25.000;25.129;0.000;0.000;0.000;0.069;100.000;5.000;15.000;0.000;0.000;0.000;0.000;0.000;0.000
2025.02.24 01:30:47;25.000;25.129;0.000;0.000;0.000;0.069;100.000;5.000;15.000;0.000;0.000;0.000;0.000;0.000;0.000
2025.02.24 01:31:47;25.000;25.128;0.000;0.000;0.000;0.069;100.000;5.000;15.000;0.000;0.000;0.000;0.000;0.000;0.000
2025.02.24 01:32:48;25.000;25.128;0.000;0.000;0.000;0.069;100.000;5.000;15.000;0.000;0.000;0.000;0.000;0.000;0.000
2025.02.24 01:33:48;25.000;25.129;0.000;0.000;0.000;0.069;100.000;5.000;15.000;0.000;0.000;0.000;0.000;0.000;0.000
2025.02.24 01:34:48;25.000;25.126;0.000;0.000;0.000;0.069;100.000;5.000;15.000;0.000;0.000;0.000;0.000;0.000;0.000
2025.02.24 01:35:48;25.000;25.127;0.000;0.000;0.000;0.069;100.000;5.000;15.000;0.000;0.000;0.000;0.000;0.000;0.000
2025.02.24 01:36:49;25.000;25.126;0.000;0.000;0.000;0.069;100.000;5.000;15.000;0.000;0.000;0.000;0.000;0.000;0.000
2025.02.24 01:37:49;25.000;25.126;0.000;0.000;0.000;0.069;100.000;5.000;15.000;0.000;0.000;0.000;0.000;0.000;0.000
2025.02.24 01:38:49;25.000;25.126;0.000;0.000;0.000;0.069;100.000;5.000;15.000;0.000;0.000;0.000;0.000;0.000;0.000
2025.02.24 01:39:49;25.000;25.124;0.000;0.000;0.000;0.069;100.000;5.000;15.000;0.000;0.000;0.000;0.000;0.000;0.000
2025.02.24 01:40:49;25.000;25.125;0.000;0.000;0.000;0.069;100.000;5.000;15.000;0.000;0.000;0.000;0.000;0.000;0.000
2025.02.24 01:41:49;25.000;25.124;0.000;0.000;0.000;0.069;100.000;5.000;15.000;0.000;0.000;0.000;0.000;0.000;0.000
2025.02.24 01:42:49;25.000;25.124;0.000;0.000;0.000;0.069;100.000;5.000;15.000;0.000;0.000;0.000;0.000;0.000;0.000
2025.02.24 01:43:49;25.000;25.124;0.000;0.000;0.000;0.069;100.000;5.000;15.000;0.000;0.000;0.000;0.000;0.000;0.000
2025.02.24 01:44:49;25.000;25.123;0.000;0.000;0.000;0.069;100.000;5.000;15.000;0.000;0.000;0.000;0.000;0.000;0.000
2025.02.24 01:45:49;25.000;25.124;0.000;0.000;0.000;0.069;100.000;5.000;15.000;0.000;0.000;0.000;0.000;0.000;0.000
2025.02.24 01:46:49;25.000;25.125;0.000;0.000;0.000;0.069;100.000;5.000;15.000;0.000;0.000;0.000;0.000;0.000;0.000
2025.02.24 01:47:50;25.000;25.123;0.000;0.000;0.000;0.069;100.000;5.000;15.000;0.000;0.000;0.000;0.000;0.000;0.000
2025.02.24 01:48:50;25.000;25.122;0.000;0.000;0.000;0.069;100.000;5.000;15.000;0.000;0.000;0.000;0.000;0.000;0.000
2025.02.24 01:49:50;25.000;25.121;0.000;0.000;0.000;0.069;100.000;5.000;15.000;0.000;0.000;0.000;0.000;0.000;0.000
2025.02.24 01:50:50;25.000;25.122;0.000;0.000;0.000;0.069;100.000;5.000;15.000;0.000;0.000;0.000;0.000;0.000;0.000
2025.02.24 01:51:51;25.000;25.121;0.000;0.000;0.000;0.069;100.000;5.000;15.000;0.000;0.000;0.000;0.000;0.000;0.000
2025.02.24 01:52:51;25.000;25.121;0.000;0.000;0.000;0.069;100.000;5.000;15.000;0.000;0.000;0.000;0.000;0.000;0.000
2025.02.24 01:53:51;25.000;25.123;0.000;0.000;0.000;0.069;100.000;5.000;15.000;0.000;0.000;0.000;0.000;0.000;0.000
2025.02.24 01:54:51;25.000;25.121;0.000;0.000;0.000;0.069;100.000;5.000;15.000;0.000;0.000;0.000;0.000;0.000;0.000
2025.02.24 01:55:51;25.000;25.120;0.000;0.000;0.000;0.069;100.000;5.000;15.000;0.000;0.000;0.000;0.000;0.000;0.000
2025.02.24 01:56:51;25.000;25.120;0.000;0.000;0.000;0.069;100.000;5.000;15.000;0.000;0.000;0.000;0.000;0.000;0.000
2025.02.24 01:57:51;25.000;25.120;0.000;0.000;0.000;0.069;100.000;5.000;15.000;0.000;0.000;0.000;0.000;0.000;0.000
2025.02.24 01:58:52;25.000;25.120;0.000;0.000;0.000;0.069;100.000;5.000;15.000;0.000;0.000;0.000;0.000;0.000;0.000
2025.02.24 01:59:52;25.000;25.119;0.000;0.000;0.000;0.069;100.000;5.000;15.000;0.000;0.000;0.000;0.000;0.000;0.000
2025.02.24 02:00:52;25.000;25.120;0.000;0.000;0.000;0.069;100.000;5.000;15.000;0.000;0.000;0.000;0.000;0.000;0.000
2025.02.24 02:01:52;25.000;25.119;0.000;0.000;0.000;0.069;100.000;5.000;15.000;0.000;0.000;0.000;0.000;0.000;0.000
2025.02.24 02:02:52;25.000;25.118;0.000;0.000;0.000;0.069;100.000;5.000;15.000;0.000;0.000;0.000;0.000;0.000;0.000
2025.02.24 02:03:52;25.000;25.118;0.000;0.000;0.000;0.069;100.000;5.000;15.000;0.000;0.000;0.000;0.000;0.000;0.000
2025.02.24 02:04:52;25.000;25.117;0.000;0.000;0.000;0.069;100.000;5.000;15.000;0.000;0.000;0.000;0.000;0.000;0.000
2025.02.24 02:05:52;25.000;25.118;0.000;0.000;0.000;0.069;100.000;5.000;15.000;0.000;0.000;0.000;0.000;0.000;0.000
2025.02.24 02:06:53;25.000;25.115;0.000;0.000;0.000;0.069;100.000;5.000;15.000;0.000;0.000;0.000;0.000;0.000;0.000
2025.02.24 02:07:53;25.000;25.117;0.000;0.000;0.000;0.069;100.000;5.000;15.000;0.000;0.000;0.000;0.000;0.000;0.000
2025.02.24 02:08:53;25.000;25.116;0.000;0.000;0.000;0.069;100.000;5.000;15.000;0.000;0.000;0.000;0.000;0.000;0.000
2025.02.24 02:09:53;25.000;25.117;0.000;0.000;0.000;0.069;100.000;5.000;15.000;0.000;0.000;0.000;0.000;0.000;0.000
2025.02.24 02:10:53;25.000;25.115;0.000;0.000;0.000;0.069;100.000;5.000;15.000;0.000;0.000;0.000;0.000;0.000;0.000
2025.02.24 02:11:53;25.000;25.116;0.000;0.000;0.000;0.069;100.000;5.000;15.000;0.000;0.000;0.000;0.000;0.000;0.000
2025.02.24 02:12:53;25.000;25.115;0.000;0.000;0.000;0.069;100.000;5.000;15.000;0.000;0.000;0.000;0.000;0.000;0.000
2025.02.24 02:13:54;25.000;25.115;0.000;0.000;0.000;0.069;100.000;5.000;15.000;0.000;0.000;0.000;0.000;0.000;0.000
2025.02.24 02:14:54;25.000;25.113;0.000;0.000;0.000;0.069;100.000;5.000;15.000;0.000;0.000;0.000;0.000;0.000;0.000
2025.02.24 02:15:54;25.000;25.113;0.000;0.000;0.000;0.069;100.000;5.000;15.000;0.000;0.000;0.000;0.000;0.000;0.000
2025.02.24 02:16:54;25.000;25.115;0.000;0.000;0.000;0.069;100.000;5.000;15.000;0.000;0.000;0.000;0.000;0.000;0.000
2025.02.24 02:17:54;25.000;25.113;0.000;0.000;0.000;0.069;100.000;5.000;15.000;0.000;0.000;0.000;0.000;0.000;0.000
2025.02.24 02:18:54;25.000;25.112;0.000;0.000;0.000;0.069;100.000;5.000;15.000;0.000;0.000;0.000;0.000;0.000;0.000
2025.02.24 02:19:54;25.000;25.112;0.000;0.000;0.000;0.069;100.000;5.000;15.000;0.000;0.000;0.000;0.000;0.000;0.000
2025.02.24 02:20:54;25.000;25.112;0.000;0.000;0.000;0.069;100.000;5.000;15.000;0.000;0.000;0.000;0.000;0.000;0.000
2025.02.24 02:21:54;25.000;25.112;0.000;0.000;0.000;0.069;100.000;5.000;15.000;0.000;0.000;0.000;0.000;0.000;0.000
2025.02.24 02:22:54;25.000;25.113;0.000;0.000;0.000;0.069;100.000;5.000;15.000;0.000;0.000;0.000;0.000;0.000;0.000
2025.02.24 02:23:54;25.000;25.111;0.000;0.000;0.000;0.069;100.000;5.000;15.000;0.000;0.000;0.000;0.000;0.000;0.000
2025.02.24 02:24:55;25.000;25.111;0.000;0.000;0.000;0.069;100.000;5.000;15.000;0.000;0.000;0.000;0.000;0.000;0.000
2025.02.24 02:25:55;25.000;25.109;0.000;0.000;0.000;0.069;100.000;5.000;15.000;0.000;0.000;0.000;0.000;0.000;0.000
2025.02.24 02:26:55;25.000;25.111;0.000;0.000;0.000;0.069;100.000;5.000;15.000;0.000;0.000;0.000;0.000;0.000;0.000
2025.02.24 02:27:55;25.000;25.110;0.000;0.000;0.000;0.069;100.000;5.000;15.000;0.000;0.000;0.000;0.000;0.000;0.000
2025.02.24 02:28:55;25.000;25.110;0.000;0.000;0.000;0.069;100.000;5.000;15.000;0.000;0.000;0.000;0.000;0.000;0.000
2025.02.24 02:29:55;25.000;25.110;0.000;0.000;0.000;0.069;100.000;5.000;15.000;0.000;0.000;0.000;0.000;0.000;0.000
2025.02.24 02:30:56;25.000;25.109;0.000;0.000;0.000;0.069;100.000;5.000;15.000;0.000;0.000;0.000;0.000;0.000;0.000
2025.02.24 02:31:56;25.000;25.109;0.000;0.000;0.000;0.069;100.000;5.000;15.000;0.000;0.000;0.000;0.000;0.000;0.000
2025.02.24 02:32:56;25.000;25.109;0.000;0.000;0.000;0.069;100.000;5.000;15.000;0.000;0.000;0.000;0.000;0.000;0.000
2025.02.24 02:33:56;25.000;25.107;0.000;0.000;0.000;0.069;100.000;5.000;15.000;0.000;0.000;0.000;0.000;0.000;0.000
2025.02.24 02:34:56;25.000;25.107;0.000;0.000;0.000;0.069;100.000;5.000;15.000;0.000;0.000;0.000;0.000;0.000;0.000
2025.02.24 02:35:56;25.000;25.107;0.000;0.000;0.000;0.069;100.000;5.000;15.000;0.000;0.000;0.000;0.000;0.000;0.000
2025.02.24 02:36:56;25.000;25.108;0.000;0.000;0.000;0.069;100.000;5.000;15.000;0.000;0.000;0.000;0.000;0.000;0.000
2025.02.24 02:37:56;25.000;25.107;0.000;0.000;0.000;0.069;100.000;5.000;15.000;0.000;0.000;0.000;0.000;0.000;0.000
2025.02.24 02:38:57;25.000;25.107;0.000;0.000;0.000;0.069;100.000;5.000;15.000;0.000;0.000;0.000;0.000;0.000;0.000
2025.02.24 02:39:57;25.000;25.106;0.000;0.000;0.000;0.069;100.000;5.000;15.000;0.000;0.000;0.000;0.000;0.000;0.000
2025.02.24 02:40:57;25.000;25.107;0.000;0.000;0.000;0.069;100.000;5.000;15.000;0.000;0.000;0.000;0.000;0.000;0.000
2025.02.24 02:41:57;25.000;25.105;0.000;0.000;0.000;0.069;100.000;5.000;15.000;0.000;0.000;0.000;0.000;0.000;0.000
2025.02.24 02:42:57;25.000;25.104;0.000;0.000;0.000;0.069;100.000;5.000;15.000;0.000;0.000;0.000;0.000;0.000;0.000
2025.02.24 02:43:57;25.000;25.104;0.000;0.000;0.000;0.069;100.000;5.000;15.000;0.000;0.000;0.000;0.000;0.000;0.000
2025.02.24 02:44:58;25.000;25.104;0.000;0.000;0.000;0.069;100.000;5.000;15.000;0.000;0.000;0.000;0.000;0.000;0.000
2025.02.24 02:45:58;25.000;25.104;0.000;0.000;0.000;0.069;100.000;5.000;15.000;0.000;0.000;0.000;0.000;0.000;0.000
2025.02.24 02:46:58;25.000;25.104;0.000;0.000;0.000;0.069;100.000;5.000;15.000;0.000;0.000;0.000;0.000;0.000;0.000
2025.02.24 02:47:58;25.000;25.104;0.000;0.000;0.000;0.069;100.000;5.000;15.000;0.000;0.000;0.000;0.000;0.000;0.000
2025.02.24 02:48:58;25.000;25.103;0.000;0.000;0.000;0.069;100.000;5.000;15.000;0.000;0.000;0.000;0.000;0.000;0.000
2025.02.24 02:49:58;25.000;25.101;0.000;0.000;0.000;0.069;100.000;5.000;15.000;0.000;0.000;0.000;0.000;0.000;0.000
2025.02.24 02:50:58;25.000;25.103;0.000;0.000;0.000;0.069;100.000;5.000;15.000;0.000;0.000;0.000;0.000;0.000;0.000
2025.02.24 02:51:58;25.000;25.101;0.000;0.000;0.000;0.069;100.000;5.000;15.000;0.000;0.000;0.000;0.000;0.000;0.000
2025.02.24 02:52:58;25.000;25.103;0.000;0.000;0.000;0.069;100.000;5.000;15.000;0.000;0.000;0.000;0.000;0.000;0.000
2025.02.24 02:53:58;25.000;25.102;0.000;0.000;0.000;0.069;100.000;5.000;15.000;0.000;0.000;0.000;0.000;0.000;0.000
2025.02.24 02:54:59;25.000;25.100;0.000;0.000;0.000;0.069;100.000;5.000;15.000;0.000;0.000;0.000;0.000;0.000;0.000
2025.02.24 02:55:59;25.000;25.099;0.000;0.000;0.000;0.069;100.000;5.000;15.000;0.000;0.000;0.000;0.000;0.000;0.000
2025.02.24 02:56:59;25.000;25.101;0.000;0.000;0.000;0.069;100.000;5.000;15.000;0.000;0.000;0.000;0.000;0.000;0.000
2025.02.24 02:57:59;25.000;25.100;0.000;0.000;0.000;0.069;100.000;5.000;15.000;0.000;0.000;0.000;0.000;0.000;0.000
2025.02.24 02:58:59;25.000;25.100;0.000;0.000;0.000;0.069;100.000;5.000;15.000;0.000;0.000;0.000;0.000;0.000;0.000
2025.02.24 02:59:59;25.000;25.101;0.000;0.000;0.000;0.069;100.000;5.000;15.000;0.000;0.000;0.000;0.000;0.000;0.000
2025.02.24 03:00:59;25.000;25.097;0.000;0.000;0.000;0.069;100.000;5.000;15.000;0.000;0.000;0.000;0.000;0.000;0.000
2025.02.24 03:01:59;25.000;25.099;0.000;0.000;0.000;0.069;100.000;5.000;15.000;0.000;0.000;0.000;0.000;0.000;0.000
2025.02.24 03:03:00;25.000;25.099;0.000;0.000;0.000;0.069;100.000;5.000;15.000;0.000;0.000;0.000;0.000;0.000;0.000
2025.02.24 03:04:00;25.000;25.098;0.000;0.000;0.000;0.069;100.000;5.000;15.000;0.000;0.000;0.000;0.000;0.000;0.000
2025.02.24 03:05:00;25.000;25.098;0.000;0.000;0.000;0.069;100.000;5.000;15.000;0.000;0.000;0.000;0.000;0.000;0.000
2025.02.24 03:06:00;25.000;25.098;0.000;0.000;0.000;0.069;100.000;5.000;15.000;0.000;0.000;0.000;0.000;0.000;0.000
2025.02.24 03:07:00;25.000;25.097;0.000;0.000;0.000;0.069;100.000;5.000;15.000;0.000;0.000;0.000;0.000;0.000;0.000
2025.02.24 03:08:00;25.000;25.097;0.000;0.000;0.000;0.069;100.000;5.000;15.000;0.000;0.000;0.000;0.000;0.000;0.000
2025.02.24 03:09:01;25.000;25.097;0.000;0.000;0.000;0.069;100.000;5.000;15.000;0.000;0.000;0.000;0.000;0.000;0.000
2025.02.24 03:10:01;25.000;25.097;0.000;0.000;0.000;0.069;100.000;5.000;15.000;0.000;0.000;0.000;0.000;0.000;0.000
2025.02.24 03:11:01;25.000;25.096;0.000;0.000;0.000;0.069;100.000;5.000;15.000;0.000;0.000;0.000;0.000;0.000;0.000
2025.02.24 03:12:01;25.000;25.096;0.000;0.000;0.000;0.069;100.000;5.000;15.000;0.000;0.000;0.000;0.000;0.000;0.000
2025.02.24 03:13:01;25.000;25.096;0.000;0.000;0.000;0.069;100.000;5.000;15.000;0.000;0.000;0.000;0.000;0.000;0.000
2025.02.24 03:14:02;25.000;25.094;0.000;0.000;0.000;0.069;100.000;5.000;15.000;0.000;0.000;0.000;0.000;0.000;0.000
2025.02.24 03:15:02;25.000;25.095;0.000;0.000;0.000;0.069;100.000;5.000;15.000;0.000;0.000;0.000;0.000;0.000;0.000
2025.02.24 03:16:02;25.000;25.094;0.000;0.000;0.000;0.069;100.000;5.000;15.000;0.000;0.000;0.000;0.000;0.000;0.000
2025.02.24 03:17:02;25.000;25.095;0.000;0.000;0.000;0.069;100.000;5.000;15.000;0.000;0.000;0.000;0.000;0.000;0.000
2025.02.24 03:18:02;25.000;25.095;0.000;0.000;0.000;0.069;100.000;5.000;15.000;0.000;0.000;0.000;0.000;0.000;0.000
2025.02.24 03:19:02;25.000;25.095;0.000;0.000;0.000;0.069;100.000;5.000;15.000;0.000;0.000;0.000;0.000;0.000;0.000
2025.02.24 03:20:02;25.000;25.093;0.000;0.000;0.000;0.069;100.000;5.000;15.000;0.000;0.000;0.000;0.000;0.000;0.000
2025.02.24 03:21:02;25.000;25.093;0.000;0.000;0.000;0.069;100.000;5.000;15.000;0.000;0.000;0.000;0.000;0.000;0.000
2025.02.24 03:22:02;25.000;25.093;0.000;0.000;0.000;0.069;100.000;5.000;15.000;0.000;0.000;0.000;0.000;0.000;0.000
2025.02.24 03:23:02;25.000;25.093;0.000;0.000;0.000;0.069;100.000;5.000;15.000;0.000;0.000;0.000;0.000;0.000;0.000
2025.02.24 03:24:03;25.000;25.094;0.000;0.000;0.000;0.069;100.000;5.000;15.000;0.000;0.000;0.000;0.000;0.000;0.000
2025.02.24 03:25:03;25.000;25.094;0.000;0.000;0.000;0.069;100.000;5.000;15.000;0.000;0.000;0.000;0.000;0.000;0.000
2025.02.24 03:26:03;25.000;25.093;0.000;0.000;0.000;0.069;100.000;5.000;15.000;0.000;0.000;0.000;0.000;0.000;0.000
2025.02.24 03:27:03;25.000;25.092;0.000;0.000;0.000;0.069;100.000;5.000;15.000;0.000;0.000;0.000;0.000;0.000;0.000
2025.02.24 03:28:03;25.000;25.092;0.000;0.000;0.000;0.069;100.000;5.000;15.000;0.000;0.000;0.000;0.000;0.000;0.000
2025.02.24 03:29:03;25.000;25.093;0.000;0.000;0.000;0.069;100.000;5.000;15.000;0.000;0.000;0.000;0.000;0.000;0.000
2025.02.24 03:30:03;25.000;25.092;0.000;0.000;0.000;0.069;100.000;5.000;15.000;0.000;0.000;0.000;0.000;0.000;0.000
2025.02.24 03:31:03;25.000;25.090;0.000;0.000;0.000;0.069;100.000;5.000;15.000;0.000;0.000;0.000;0.000;0.000;0.000
2025.02.24 03:32:03;25.000;25.091;0.000;0.000;0.000;0.069;100.000;5.000;15.000;0.000;0.000;0.000;0.000;0.000;0.000
2025.02.24 03:33:03;25.000;25.090;0.000;0.000;0.000;0.069;100.000;5.000;15.000;0.000;0.000;0.000;0.000;0.000;0.000
2025.02.24 03:34:03;25.000;25.092;0.000;0.000;0.000;0.069;100.000;5.000;15.000;0.000;0.000;0.000;0.000;0.000;0.000
2025.02.24 03:35:03;25.000;25.090;0.000;0.000;0.000;0.069;100.000;5.000;15.000;0.000;0.000;0.000;0.000;0.000;0.000
2025.02.24 03:36:03;25.000;25.091;0.000;0.000;0.000;0.069;100.000;5.000;15.000;0.000;0.000;0.000;0.000;0.000;0.000
2025.02.24 03:37:04;25.000;25.091;0.000;0.000;0.000;0.069;100.000;5.000;15.000;0.000;0.000;0.000;0.000;0.000;0.000
2025.02.24 03:38:04;25.000;25.092;0.000;0.000;0.000;0.069;100.000;5.000;15.000;0.000;0.000;0.000;0.000;0.000;0.000
2025.02.24 03:39:04;25.000;25.090;0.000;0.000;0.000;0.069;100.000;5.000;15.000;0.000;0.000;0.000;0.000;0.000;0.000
2025.02.24 03:40:04;25.000;25.090;0.000;0.000;0.000;0.069;100.000;5.000;15.000;0.000;0.000;0.000;0.000;0.000;0.000
2025.02.24 03:41:04;25.000;25.089;0.000;0.000;0.000;0.069;100.000;5.000;15.000;0.000;0.000;0.000;0.000;0.000;0.000
2025.02.24 03:42:04;25.000;25.090;0.000;0.000;0.000;0.069;100.000;5.000;15.000;0.000;0.000;0.000;0.000;0.000;0.000
2025.02.24 03:43:04;25.000;25.089;0.000;0.000;0.000;0.069;100.000;5.000;15.000;0.000;0.000;0.000;0.000;0.000;0.000
2025.02.24 03:44:05;25.000;25.088;0.000;0.000;0.000;0.069;100.000;5.000;15.000;0.000;0.000;0.000;0.000;0.000;0.000
2025.02.24 03:45:05;25.000;25.090;0.000;0.000;0.000;0.069;100.000;5.000;15.000;0.000;0.000;0.000;0.000;0.000;0.000
2025.02.24 03:46:05;25.000;25.089;0.000;0.000;0.000;0.069;100.000;5.000;15.000;0.000;0.000;0.000;0.000;0.000;0.000
2025.02.24 03:47:05;25.000;25.087;0.000;0.000;0.000;0.069;100.000;5.000;15.000;0.000;0.000;0.000;0.000;0.000;0.000
2025.02.24 03:48:05;25.000;25.087;0.000;0.000;0.000;0.069;100.000;5.000;15.000;0.000;0.000;0.000;0.000;0.000;0.000
2025.02.24 03:49:05;25.000;25.089;0.000;0.000;0.000;0.069;100.000;5.000;15.000;0.000;0.000;0.000;0.000;0.000;0.000
2025.02.24 03:50:05;25.000;25.088;0.000;0.000;0.000;0.069;100.000;5.000;15.000;0.000;0.000;0.000;0.000;0.000;0.000
2025.02.24 03:51:05;25.000;25.086;0.000;0.000;0.000;0.069;100.000;5.000;15.000;0.000;0.000;0.000;0.000;0.000;0.000
2025.02.24 03:52:06;25.000;25.086;0.000;0.000;0.000;0.069;100.000;5.000;15.000;0.000;0.000;0.000;0.000;0.000;0.000
2025.02.24 03:53:06;25.000;25.087;0.000;0.000;0.000;0.069;100.000;5.000;15.000;0.000;0.000;0.000;0.000;0.000;0.000
2025.02.24 03:54:06;25.000;25.086;0.000;0.000;0.000;0.069;100.000;5.000;15.000;0.000;0.000;0.000;0.000;0.000;0.000
2025.02.24 03:55:06;25.000;25.087;0.000;0.000;0.000;0.069;100.000;5.000;15.000;0.000;0.000;0.000;0.000;0.000;0.000
2025.02.24 03:56:06;25.000;25.086;0.000;0.000;0.000;0.069;100.000;5.000;15.000;0.000;0.000;0.000;0.000;0.000;0.000
2025.02.24 03:57:06;25.000;25.087;0.000;0.000;0.000;0.069;100.000;5.000;15.000;0.000;0.000;0.000;0.000;0.000;0.000
2025.02.24 03:58:06;25.000;25.086;0.000;0.000;0.000;0.069;100.000;5.000;15.000;0.000;0.000;0.000;0.000;0.000;0.000
2025.02.24 03:59:07;25.000;25.085;0.000;0.000;0.000;0.069;100.000;5.000;15.000;0.000;0.000;0.000;0.000;0.000;0.000
2025.02.24 04:00:07;25.000;25.087;0.000;0.000;0.000;0.069;100.000;5.000;15.000;0.000;0.000;0.000;0.000;0.000;0.000
2025.02.24 04:01:07;25.000;25.085;0.000;0.000;0.000;0.069;100.000;5.000;15.000;0.000;0.000;0.000;0.000;0.000;0.000
2025.02.24 04:02:07;25.000;25.086;0.000;0.000;0.000;0.069;100.000;5.000;15.000;0.000;0.000;0.000;0.000;0.000;0.000
2025.02.24 04:03:08;25.000;25.085;0.000;0.000;0.000;0.069;100.000;5.000;15.000;0.000;0.000;0.000;0.000;0.000;0.000
2025.02.24 04:04:08;25.000;25.085;0.000;0.000;0.000;0.069;100.000;5.000;15.000;0.000;0.000;0.000;0.000;0.000;0.000
2025.02.24 04:05:08;25.000;25.085;0.000;0.000;0.000;0.069;100.000;5.000;15.000;0.000;0.000;0.000;0.000;0.000;0.000
2025.02.24 04:06:08;25.000;25.085;0.000;0.000;0.000;0.069;100.000;5.000;15.000;0.000;0.000;0.000;0.000;0.000;0.000
2025.02.24 04:07:08;25.000;25.085;0.000;0.000;0.000;0.069;100.000;5.000;15.000;0.000;0.000;0.000;0.000;0.000;0.000
2025.02.24 04:08:09;25.000;25.084;0.000;0.000;0.000;0.069;100.000;5.000;15.000;0.000;0.000;0.000;0.000;0.000;0.000
2025.02.24 04:09:09;25.000;25.085;0.000;0.000;0.000;0.069;100.000;5.000;15.000;0.000;0.000;0.000;0.000;0.000;0.000
2025.02.24 04:10:09;25.000;25.083;0.000;0.000;0.000;0.069;100.000;5.000;15.000;0.000;0.000;0.000;0.000;0.000;0.000
2025.02.24 04:11:09;25.000;25.083;0.000;0.000;0.000;0.069;100.000;5.000;15.000;0.000;0.000;0.000;0.000;0.000;0.000
2025.02.24 04:12:09;25.000;25.083;0.000;0.000;0.000;0.069;100.000;5.000;15.000;0.000;0.000;0.000;0.000;0.000;0.000
2025.02.24 04:13:09;25.000;25.082;0.000;0.000;0.000;0.069;100.000;5.000;15.000;0.000;0.000;0.000;0.000;0.000;0.000
2025.02.24 04:14:09;25.000;25.084;0.000;0.000;0.000;0.069;100.000;5.000;15.000;0.000;0.000;0.000;0.000;0.000;0.000
2025.02.24 04:15:10;25.000;25.083;0.000;0.000;0.000;0.069;100.000;5.000;15.000;0.000;0.000;0.000;0.000;0.000;0.000
2025.02.24 04:16:10;25.000;25.082;0.000;0.000;0.000;0.069;100.000;5.000;15.000;0.000;0.000;0.000;0.000;0.000;0.000
2025.02.24 04:17:10;25.000;25.083;0.000;0.000;0.000;0.069;100.000;5.000;15.000;0.000;0.000;0.000;0.000;0.000;0.000
2025.02.24 04:18:10;25.000;25.083;0.000;0.000;0.000;0.069;100.000;5.000;15.000;0.000;0.000;0.000;0.000;0.000;0.000
2025.02.24 04:19:10;25.000;25.082;0.000;0.000;0.000;0.069;100.000;5.000;15.000;0.000;0.000;0.000;0.000;0.000;0.000
2025.02.24 04:20:10;25.000;25.081;0.000;0.000;0.000;0.069;100.000;5.000;15.000;0.000;0.000;0.000;0.000;0.000;0.000
2025.02.24 04:21:10;25.000;25.083;0.000;0.000;0.000;0.069;100.000;5.000;15.000;0.000;0.000;0.000;0.000;0.000;0.000
2025.02.24 04:22:11;25.000;25.081;0.000;0.000;0.000;0.069;100.000;5.000;15.000;0.000;0.000;0.000;0.000;0.000;0.000
2025.02.24 04:23:11;25.000;25.082;0.000;0.000;0.000;0.069;100.000;5.000;15.000;0.000;0.000;0.000;0.000;0.000;0.000
2025.02.24 04:24:11;25.000;25.081;0.000;0.000;0.000;0.069;100.000;5.000;15.000;0.000;0.000;0.000;0.000;0.000;0.000
2025.02.24 04:25:11;25.000;25.081;0.000;0.000;0.000;0.069;100.000;5.000;15.000;0.000;0.000;0.000;0.000;0.000;0.000
2025.02.24 04:26:11;25.000;25.079;0.000;0.000;0.000;0.069;100.000;5.000;15.000;0.000;0.000;0.000;0.000;0.000;0.000
2025.02.24 04:27:11;25.000;25.079;0.000;0.000;0.000;0.069;100.000;5.000;15.000;0.000;0.000;0.000;0.000;0.000;0.000
2025.02.24 04:28:11;25.000;25.080;0.000;0.000;0.000;0.069;100.000;5.000;15.000;0.000;0.000;0.000;0.000;0.000;0.000
2025.02.24 04:29:12;25.000;25.079;0.000;0.000;0.000;0.069;100.000;5.000;15.000;0.000;0.000;0.000;0.000;0.000;0.000
2025.02.24 04:30:12;25.000;25.080;0.000;0.000;0.000;0.069;100.000;5.000;15.000;0.000;0.000;0.000;0.000;0.000;0.000
2025.02.24 04:31:12;25.000;25.078;0.000;0.000;0.000;0.069;100.000;5.000;15.000;0.000;0.000;0.000;0.000;0.000;0.000
2025.02.24 04:32:12;25.000;25.080;0.000;0.000;0.000;0.069;100.000;5.000;15.000;0.000;0.000;0.000;0.000;0.000;0.000
2025.02.24 04:33:12;25.000;25.078;0.000;0.000;0.000;0.069;100.000;5.000;15.000;0.000;0.000;0.000;0.000;0.000;0.000
2025.02.24 04:34:12;25.000;25.079;0.000;0.000;0.000;0.069;100.000;5.000;15.000;0.000;0.000;0.000;0.000;0.000;0.000
2025.02.24 04:35:12;25.000;25.080;0.000;0.000;0.000;0.069;100.000;5.000;15.000;0.000;0.000;0.000;0.000;0.000;0.000
2025.02.24 04:36:13;25.000;25.077;0.000;0.000;0.000;0.069;100.000;5.000;15.000;0.000;0.000;0.000;0.000;0.000;0.000
2025.02.24 04:37:13;25.000;25.077;0.000;0.000;0.000;0.069;100.000;5.000;15.000;0.000;0.000;0.000;0.000;0.000;0.000
2025.02.24 04:38:13;25.000;25.079;0.000;0.000;0.000;0.069;100.000;5.000;15.000;0.000;0.000;0.000;0.000;0.000;0.000
2025.02.24 04:39:13;25.000;25.079;0.000;0.000;0.000;0.069;100.000;5.000;15.000;0.000;0.000;0.000;0.000;0.000;0.000
2025.02.24 04:40:13;25.000;25.079;0.000;0.000;0.000;0.069;100.000;5.000;15.000;0.000;0.000;0.000;0.000;0.000;0.000
2025.02.24 04:41:13;25.000;25.077;0.000;0.000;0.000;0.069;100.000;5.000;15.000;0.000;0.000;0.000;0.000;0.000;0.000
2025.02.24 04:42:13;25.000;25.077;0.000;0.000;0.000;0.069;100.000;5.000;15.000;0.000;0.000;0.000;0.000;0.000;0.000
2025.02.24 04:43:13;25.000;25.076;0.000;0.000;0.000;0.069;100.000;5.000;15.000;0.000;0.000;0.000;0.000;0.000;0.000
2025.02.24 04:44:13;25.000;25.075;0.000;0.000;0.000;0.069;100.000;5.000;15.000;0.000;0.000;0.000;0.000;0.000;0.000
2025.02.24 04:45:14;25.000;25.078;0.000;0.000;0.000;0.069;100.000;5.000;15.000;0.000;0.000;0.000;0.000;0.000;0.000
2025.02.24 04:46:14;25.000;25.077;0.000;0.000;0.000;0.069;100.000;5.000;15.000;0.000;0.000;0.000;0.000;0.000;0.000
2025.02.24 04:47:14;25.000;25.077;0.000;0.000;0.000;0.069;100.000;5.000;15.000;0.000;0.000;0.000;0.000;0.000;0.000
2025.02.24 04:48:14;25.000;25.075;0.000;0.000;0.000;0.069;100.000;5.000;15.000;0.000;0.000;0.000;0.000;0.000;0.000
2025.02.24 04:49:14;25.000;25.076;0.000;0.000;0.000;0.069;100.000;5.000;15.000;0.000;0.000;0.000;0.000;0.000;0.000
2025.02.24 04:50:14;25.000;25.075;0.000;0.000;0.000;0.069;100.000;5.000;15.000;0.000;0.000;0.000;0.000;0.000;0.000
2025.02.24 04:51:14;25.000;25.074;0.000;0.000;0.000;0.069;100.000;5.000;15.000;0.000;0.000;0.000;0.000;0.000;0.000
2025.02.24 04:52:15;25.000;25.075;0.000;0.000;0.000;0.069;100.000;5.000;15.000;0.000;0.000;0.000;0.000;0.000;0.000
2025.02.24 04:53:15;25.000;25.074;0.000;0.000;0.000;0.069;100.000;5.000;15.000;0.000;0.000;0.000;0.000;0.000;0.000
2025.02.24 04:54:15;25.000;25.074;0.000;0.000;0.000;0.069;100.000;5.000;15.000;0.000;0.000;0.000;0.000;0.000;0.000
2025.02.24 04:55:15;25.000;25.073;0.000;0.000;0.000;0.069;100.000;5.000;15.000;0.000;0.000;0.000;0.000;0.000;0.000
2025.02.24 04:56:17;25.000;25.073;0.000;0.000;0.000;0.069;100.000;5.000;15.000;0.000;0.000;0.000;0.000;0.000;0.000
2025.02.24 04:57:17;25.000;25.073;0.000;0.000;0.000;0.069;100.000;5.000;15.000;0.000;0.000;0.000;0.000;0.000;0.000
2025.02.24 04:58:17;25.000;25.074;0.000;0.000;0.000;0.069;100.000;5.000;15.000;0.000;0.000;0.000;0.000;0.000;0.000
2025.02.24 04:59:17;25.000;25.073;0.000;0.000;0.000;0.069;100.000;5.000;15.000;0.000;0.000;0.000;0.000;0.000;0.000
2025.02.24 05:00:17;25.000;25.071;0.000;0.000;0.000;0.069;100.000;5.000;15.000;0.000;0.000;0.000;0.000;0.000;0.000
2025.02.24 05:01:18;25.000;25.072;0.000;0.000;0.000;0.069;100.000;5.000;15.000;0.000;0.000;0.000;0.000;0.000;0.000
2025.02.24 05:02:18;25.000;25.072;0.000;0.000;0.000;0.069;100.000;5.000;15.000;0.000;0.000;0.000;0.000;0.000;0.000
2025.02.24 05:03:18;25.000;25.072;0.000;0.000;0.000;0.069;100.000;5.000;15.000;0.000;0.000;0.000;0.000;0.000;0.000
2025.02.24 05:04:18;25.000;25.071;0.000;0.000;0.000;0.069;100.000;5.000;15.000;0.000;0.000;0.000;0.000;0.000;0.000
2025.02.24 05:05:19;25.000;25.071;0.000;0.000;0.000;0.069;100.000;5.000;15.000;0.000;0.000;0.000;0.000;0.000;0.000
2025.02.24 05:06:19;25.000;25.069;0.000;0.000;0.000;0.069;100.000;5.000;15.000;0.000;0.000;0.000;0.000;0.000;0.000
2025.02.24 05:07:19;25.000;25.071;0.000;0.000;0.000;0.069;100.000;5.000;15.000;0.000;0.000;0.000;0.000;0.000;0.000
2025.02.24 05:08:19;25.000;25.069;0.000;0.000;0.000;0.069;100.000;5.000;15.000;0.000;0.000;0.000;0.000;0.000;0.000
2025.02.24 05:09:19;25.000;25.070;0.000;0.000;0.000;0.069;100.000;5.000;15.000;0.000;0.000;0.000;0.000;0.000;0.000
2025.02.24 05:10:20;25.000;25.069;0.000;0.000;0.000;0.069;100.000;5.000;15.000;0.000;0.000;0.000;0.000;0.000;0.000
2025.02.24 05:11:20;25.000;25.070;0.000;0.000;0.000;0.069;100.000;5.000;15.000;0.000;0.000;0.000;0.000;0.000;0.000
2025.02.24 05:12:20;25.000;25.069;0.000;0.000;0.000;0.069;100.000;5.000;15.000;0.000;0.000;0.000;0.000;0.000;0.000
2025.02.24 05:13:20;25.000;25.068;0.000;0.000;0.000;0.069;100.000;5.000;15.000;0.000;0.000;0.000;0.000;0.000;0.000
2025.02.24 05:14:20;25.000;25.068;0.000;0.000;0.000;0.069;100.000;5.000;15.000;0.000;0.000;0.000;0.000;0.000;0.000
2025.02.24 05:15:21;25.000;25.067;0.000;0.000;0.000;0.069;100.000;5.000;15.000;0.000;0.000;0.000;0.000;0.000;0.000
2025.02.24 05:16:21;25.000;25.068;0.000;0.000;0.000;0.069;100.000;5.000;15.000;0.000;0.000;0.000;0.000;0.000;0.000
2025.02.24 05:17:21;25.000;25.068;0.000;0.000;0.000;0.069;100.000;5.000;15.000;0.000;0.000;0.000;0.000;0.000;0.000
2025.02.24 05:18:21;25.000;25.067;0.000;0.000;0.000;0.069;100.000;5.000;15.000;0.000;0.000;0.000;0.000;0.000;0.000
2025.02.24 05:19:21;25.000;25.067;0.000;0.000;0.000;0.069;100.000;5.000;15.000;0.000;0.000;0.000;0.000;0.000;0.000
2025.02.24 05:20:21;25.000;25.066;0.000;0.000;0.000;0.069;100.000;5.000;15.000;0.000;0.000;0.000;0.000;0.000;0.000
2025.02.24 05:21:22;25.000;25.065;0.000;0.000;0.000;0.069;100.000;5.000;15.000;0.000;0.000;0.000;0.000;0.000;0.000
2025.02.24 05:22:22;25.000;25.066;0.000;0.000;0.000;0.069;100.000;5.000;15.000;0.000;0.000;0.000;0.000;0.000;0.000
2025.02.24 05:23:22;25.000;25.067;0.000;0.000;0.000;0.069;100.000;5.000;15.000;0.000;0.000;0.000;0.000;0.000;0.000
2025.02.24 05:24:22;25.000;25.064;0.000;0.000;0.000;0.069;100.000;5.000;15.000;0.000;0.000;0.000;0.000;0.000;0.000
2025.02.24 05:25:22;25.000;25.065;0.000;0.000;0.000;0.069;100.000;5.000;15.000;0.000;0.000;0.000;0.000;0.000;0.000
2025.02.24 05:26:22;25.000;25.065;0.000;0.000;0.000;0.069;100.000;5.000;15.000;0.000;0.000;0.000;0.000;0.000;0.000
2025.02.24 05:27:22;25.000;25.065;0.000;0.000;0.000;0.069;100.000;5.000;15.000;0.000;0.000;0.000;0.000;0.000;0.000
2025.02.24 05:28:22;25.000;25.064;0.000;0.000;0.000;0.069;100.000;5.000;15.000;0.000;0.000;0.000;0.000;0.000;0.000
2025.02.24 05:29:23;25.000;25.063;0.000;0.000;0.000;0.069;100.000;5.000;15.000;0.000;0.000;0.000;0.000;0.000;0.000
2025.02.24 05:30:23;25.000;25.063;0.000;0.000;0.000;0.069;100.000;5.000;15.000;0.000;0.000;0.000;0.000;0.000;0.000
2025.02.24 05:31:23;25.000;25.064;0.000;0.000;0.000;0.069;100.000;5.000;15.000;0.000;0.000;0.000;0.000;0.000;0.000
2025.02.24 05:32:23;25.000;25.062;0.000;0.000;0.000;0.069;100.000;5.000;15.000;0.000;0.000;0.000;0.000;0.000;0.000
2025.02.24 05:33:23;25.000;25.063;0.000;0.000;0.000;0.069;100.000;5.000;15.000;0.000;0.000;0.000;0.000;0.000;0.000
2025.02.24 05:34:23;25.000;25.063;0.000;0.000;0.000;0.069;100.000;5.000;15.000;0.000;0.000;0.000;0.000;0.000;0.000
2025.02.24 05:35:23;25.000;25.063;0.000;0.000;0.000;0.069;100.000;5.000;15.000;0.000;0.000;0.000;0.000;0.000;0.000
2025.02.24 05:36:24;25.000;25.061;0.000;0.000;0.000;0.069;100.000;5.000;15.000;0.000;0.000;0.000;0.000;0.000;0.000
2025.02.24 05:37:24;25.000;25.060;0.000;0.000;0.000;0.069;100.000;5.000;15.000;0.000;0.000;0.000;0.000;0.000;0.000
2025.02.24 05:38:24;25.000;25.061;0.000;0.000;0.000;0.069;100.000;5.000;15.000;0.000;0.000;0.000;0.000;0.000;0.000
2025.02.24 05:39:24;25.000;25.061;0.000;0.000;0.000;0.069;100.000;5.000;15.000;0.000;0.000;0.000;0.000;0.000;0.000
2025.02.24 05:40:24;25.000;25.059;0.000;0.000;0.000;0.069;100.000;5.000;15.000;0.000;0.000;0.000;0.000;0.000;0.000
2025.02.24 05:41:24;25.000;25.060;0.000;0.000;0.000;0.069;100.000;5.000;15.000;0.000;0.000;0.000;0.000;0.000;0.000
2025.02.24 05:42:24;25.000;25.060;0.000;0.000;0.000;0.069;100.000;5.000;15.000;0.000;0.000;0.000;0.000;0.000;0.000
2025.02.24 05:43:24;25.000;25.058;0.000;0.000;0.000;0.069;100.000;5.000;15.000;0.000;0.000;0.000;0.000;0.000;0.000
2025.02.24 05:44:24;25.000;25.059;0.000;0.000;0.000;0.069;100.000;5.000;15.000;0.000;0.000;0.000;0.000;0.000;0.000
2025.02.24 05:45:24;25.000;25.058;0.000;0.000;0.000;0.069;100.000;5.000;15.000;0.000;0.000;0.000;0.000;0.000;0.000
2025.02.24 05:46:24;25.000;25.058;0.000;0.000;0.000;0.069;100.000;5.000;15.000;0.000;0.000;0.000;0.000;0.000;0.000
2025.02.24 05:47:24;25.000;25.058;0.000;0.000;0.000;0.069;100.000;5.000;15.000;0.000;0.000;0.000;0.000;0.000;0.000
2025.02.24 05:48:25;25.000;25.058;0.000;0.000;0.000;0.069;100.000;5.000;15.000;0.000;0.000;0.000;0.000;0.000;0.000
2025.02.24 05:49:25;25.000;25.057;0.000;0.000;0.000;0.069;100.000;5.000;15.000;0.000;0.000;0.000;0.000;0.000;0.000
2025.02.24 05:50:25;25.000;25.057;0.000;0.000;0.000;0.069;100.000;5.000;15.000;0.000;0.000;0.000;0.000;0.000;0.000
2025.02.24 05:51:25;25.000;25.058;0.000;0.000;0.000;0.069;100.000;5.000;15.000;0.000;0.000;0.000;0.000;0.000;0.000
2025.02.24 05:52:25;25.000;25.055;0.000;0.000;0.000;0.069;100.000;5.000;15.000;0.000;0.000;0.000;0.000;0.000;0.000
2025.02.24 05:53:25;25.000;25.056;0.000;0.000;0.000;0.069;100.000;5.000;15.000;0.000;0.000;0.000;0.000;0.000;0.000
2025.02.24 05:54:25;25.000;25.057;0.000;0.000;0.000;0.069;100.000;5.000;15.000;0.000;0.000;0.000;0.000;0.000;0.000
2025.02.24 05:55:26;25.000;25.056;0.000;0.000;0.000;0.069;100.000;5.000;15.000;0.000;0.000;0.000;0.000;0.000;0.000
2025.02.24 05:56:26;25.000;25.054;0.000;0.000;0.000;0.069;100.000;5.000;15.000;0.000;0.000;0.000;0.000;0.000;0.000
2025.02.24 05:57:26;25.000;25.055;0.000;0.000;0.000;0.069;100.000;5.000;15.000;0.000;0.000;0.000;0.000;0.000;0.000
2025.02.24 05:58:26;25.000;25.054;0.000;0.000;0.000;0.069;100.000;5.000;15.000;0.000;0.000;0.000;0.000;0.000;0.000
2025.02.24 05:59:26;25.000;25.054;0.000;0.000;0.000;0.069;100.000;5.000;15.000;0.000;0.000;0.000;0.000;0.000;0.000
2025.02.24 06:00:27;25.000;25.054;0.000;0.000;0.000;0.069;100.000;5.000;15.000;0.000;0.000;0.000;0.000;0.000;0.000
2025.02.24 06:01:27;25.000;25.053;0.000;0.000;0.000;0.069;100.000;5.000;15.000;0.000;0.000;0.000;0.000;0.000;0.000
2025.02.24 06:02:27;25.000;25.052;0.000;0.000;0.000;0.069;100.000;5.000;15.000;0.000;0.000;0.000;0.000;0.000;0.000
2025.02.24 06:03:27;25.000;25.052;0.000;0.000;0.000;0.069;100.000;5.000;15.000;0.000;0.000;0.000;0.000;0.000;0.000
2025.02.24 06:04:27;25.000;25.052;0.000;0.000;0.000;0.069;100.000;5.000;15.000;0.000;0.000;0.000;0.000;0.000;0.000
2025.02.24 06:05:27;25.000;25.052;0.000;0.000;0.000;0.069;100.000;5.000;15.000;0.000;0.000;0.000;0.000;0.000;0.000
2025.02.24 06:06:28;25.000;25.051;0.000;0.000;0.000;0.069;100.000;5.000;15.000;0.000;0.000;0.000;0.000;0.000;0.000
2025.02.24 06:07:28;25.000;25.051;0.000;0.000;0.000;0.069;100.000;5.000;15.000;0.000;0.000;0.000;0.000;0.000;0.000
2025.02.24 06:08:28;25.000;25.050;0.000;0.000;0.000;0.069;100.000;5.000;15.000;0.000;0.000;0.000;0.000;0.000;0.000
2025.02.24 06:09:28;25.000;25.051;0.000;0.000;0.000;0.069;100.000;5.000;15.000;0.000;0.000;0.000;0.000;0.000;0.000
2025.02.24 06:10:28;25.000;25.051;0.000;0.000;0.000;0.068;100.000;5.000;15.000;0.000;0.000;0.000;0.000;0.000;0.000
2025.02.24 06:11:28;25.000;25.050;0.000;0.000;0.000;0.068;100.000;5.000;15.000;0.000;0.000;0.000;0.000;0.000;0.000
2025.02.24 06:12:28;25.000;25.049;0.000;0.000;0.000;0.068;100.000;5.000;15.000;0.000;0.000;0.000;0.000;0.000;0.000
2025.02.24 06:13:28;25.000;25.049;0.000;0.000;0.000;0.068;100.000;5.000;15.000;0.000;0.000;0.000;0.000;0.000;0.000
2025.02.24 06:14:28;25.000;25.049;0.000;0.000;0.000;0.068;100.000;5.000;15.000;0.000;0.000;0.000;0.000;0.000;0.000
2025.02.24 06:15:28;25.000;25.048;0.000;0.000;0.000;0.068;100.000;5.000;15.000;0.000;0.000;0.000;0.000;0.000;0.000
2025.02.24 06:16:29;25.000;25.048;0.000;0.000;0.000;0.068;100.000;5.000;15.000;0.000;0.000;0.000;0.000;0.000;0.000
2025.02.24 06:17:29;25.000;25.048;0.000;0.000;0.000;0.068;100.000;5.000;15.000;0.000;0.000;0.000;0.000;0.000;0.000
2025.02.24 06:18:29;25.000;25.048;0.000;0.000;0.000;0.068;100.000;5.000;15.000;0.000;0.000;0.000;0.000;0.000;0.000
2025.02.24 06:19:29;25.000;25.046;0.000;0.000;0.000;0.068;100.000;5.000;15.000;0.000;0.000;0.000;0.000;0.000;0.000
2025.02.24 06:20:29;25.000;25.046;0.000;0.000;0.000;0.068;100.000;5.000;15.000;0.000;0.000;0.000;0.000;0.000;0.000
2025.02.24 06:21:30;25.000;25.045;0.000;0.000;0.000;0.068;100.000;5.000;15.000;0.000;0.000;0.000;0.000;0.000;0.000
2025.02.24 06:22:30;25.000;25.045;0.000;0.000;0.000;0.069;100.000;5.000;15.000;0.000;0.000;0.000;0.000;0.000;0.000
2025.02.24 06:23:30;25.000;25.046;0.000;0.000;0.000;0.068;100.000;5.000;15.000;0.000;0.000;0.000;0.000;0.000;0.000
2025.02.24 06:24:30;25.000;25.045;0.000;0.000;0.000;0.068;100.000;5.000;15.000;0.000;0.000;0.000;0.000;0.000;0.000
2025.02.24 06:25:30;25.000;25.045;0.000;0.000;0.000;0.069;100.000;5.000;15.000;0.000;0.000;0.000;0.000;0.000;0.000
2025.02.24 06:26:31;25.000;25.043;0.000;0.000;0.000;0.068;100.000;5.000;15.000;0.000;0.000;0.000;0.000;0.000;0.000
2025.02.24 06:27:31;25.000;25.042;0.000;0.000;0.000;0.068;100.000;5.000;15.000;0.000;0.000;0.000;0.000;0.000;0.000
2025.02.24 06:28:31;25.000;25.044;0.000;0.000;0.000;0.068;100.000;5.000;15.000;0.000;0.000;0.000;0.000;0.000;0.000
2025.02.24 06:29:31;25.000;25.043;0.000;0.000;0.000;0.068;100.000;5.000;15.000;0.000;0.000;0.000;0.000;0.000;0.000
2025.02.24 06:30:31;25.000;25.043;0.000;0.000;0.000;0.068;100.000;5.000;15.000;0.000;0.000;0.000;0.000;0.000;0.000
2025.02.24 06:31:31;25.000;25.043;0.000;0.000;0.000;0.069;100.000;5.000;15.000;0.000;0.000;0.000;0.000;0.000;0.000
2025.02.24 06:32:31;25.000;25.042;0.000;0.000;0.000;0.068;100.000;5.000;15.000;0.000;0.000;0.000;0.000;0.000;0.000
2025.02.24 06:33:31;25.000;25.042;0.000;0.000;0.000;0.069;100.000;5.000;15.000;0.000;0.000;0.000;0.000;0.000;0.000
2025.02.24 06:34:32;25.000;25.040;0.000;0.000;0.000;0.068;100.000;5.000;15.000;0.000;0.000;0.000;0.000;0.000;0.000
2025.02.24 06:35:32;25.000;25.040;0.000;0.000;0.000;0.068;100.000;5.000;15.000;0.000;0.000;0.000;0.000;0.000;0.000
2025.02.24 06:36:32;25.000;25.041;0.000;0.000;0.000;0.068;100.000;5.000;15.000;0.000;0.000;0.000;0.000;0.000;0.000
2025.02.24 06:37:32;25.000;25.039;0.000;0.000;0.000;0.068;100.000;5.000;15.000;0.000;0.000;0.000;0.000;0.000;0.000
2025.02.24 06:38:32;25.000;25.039;0.000;0.000;0.000;0.068;100.000;5.000;15.000;0.000;0.000;0.000;0.000;0.000;0.000
2025.02.24 06:39:32;25.000;25.039;0.000;0.000;0.000;0.068;100.000;5.000;15.000;0.000;0.000;0.000;0.000;0.000;0.000
2025.02.24 06:40:32;25.000;25.039;0.000;0.000;0.000;0.068;100.000;5.000;15.000;0.000;0.000;0.000;0.000;0.000;0.000
2025.02.24 06:41:32;25.000;25.039;0.000;0.000;0.000;0.068;100.000;5.000;15.000;0.000;0.000;0.000;0.000;0.000;0.000
2025.02.24 06:42:32;25.000;25.038;0.000;0.000;0.000;0.068;100.000;5.000;15.000;0.000;0.000;0.000;0.000;0.000;0.000
2025.02.24 06:43:32;25.000;25.039;0.000;0.000;0.000;0.068;100.000;5.000;15.000;0.000;0.000;0.000;0.000;0.000;0.000
2025.02.24 06:44:32;25.000;25.037;0.000;0.000;0.000;0.068;100.000;5.000;15.000;0.000;0.000;0.000;0.000;0.000;0.000
2025.02.24 06:45:32;25.000;25.038;0.000;0.000;0.000;0.069;100.000;5.000;15.000;0.000;0.000;0.000;0.000;0.000;0.000
2025.02.24 06:46:32;25.000;25.038;0.000;0.000;0.000;0.069;100.000;5.000;15.000;0.000;0.000;0.000;0.000;0.000;0.000
2025.02.24 06:47:32;25.000;25.038;0.000;0.000;0.000;0.068;100.000;5.000;15.000;0.000;0.000;0.000;0.000;0.000;0.000
2025.02.24 06:48:32;25.000;25.035;0.000;0.000;0.000;0.068;100.000;5.000;15.000;0.000;0.000;0.000;0.000;0.000;0.000
2025.02.24 06:49:33;25.000;25.035;0.000;0.000;0.000;0.068;100.000;5.000;15.000;0.000;0.000;0.000;0.000;0.000;0.000
2025.02.24 06:50:33;25.000;25.034;0.000;0.000;0.000;0.068;100.000;5.000;15.000;0.000;0.000;0.000;0.000;0.000;0.000
2025.02.24 06:51:33;25.000;25.035;0.000;0.000;0.000;0.068;100.000;5.000;15.000;0.000;0.000;0.000;0.000;0.000;0.000
2025.02.24 06:52:33;25.000;25.034;0.000;0.000;0.000;0.068;100.000;5.000;15.000;0.000;0.000;0.000;0.000;0.000;0.000
2025.02.24 06:53:33;25.000;25.033;0.000;0.000;0.000;0.068;100.000;5.000;15.000;0.000;0.000;0.000;0.000;0.000;0.000
2025.02.24 06:54:33;25.000;25.034;0.000;0.000;0.000;0.068;100.000;5.000;15.000;0.000;0.000;0.000;0.000;0.000;0.000
2025.02.24 06:55:33;25.000;25.034;0.000;0.000;0.000;0.068;100.000;5.000;15.000;0.000;0.000;0.000;0.000;0.000;0.000
2025.02.24 06:56:33;25.000;25.033;0.000;0.000;0.000;0.068;100.000;5.000;15.000;0.000;0.000;0.000;0.000;0.000;0.000
2025.02.24 06:57:33;25.000;25.032;0.000;0.000;0.000;0.068;100.000;5.000;15.000;0.000;0.000;0.000;0.000;0.000;0.000
2025.02.24 06:58:34;25.000;25.032;0.000;0.000;0.000;0.068;100.000;5.000;15.000;0.000;0.000;0.000;0.000;0.000;0.000
2025.02.24 06:59:34;25.000;25.032;0.000;0.000;0.000;0.068;100.000;5.000;15.000;0.000;0.000;0.000;0.000;0.000;0.000
2025.02.24 07:00:34;25.000;25.031;0.000;0.000;0.000;0.069;100.000;5.000;15.000;0.000;0.000;0.000;0.000;0.000;0.000
2025.02.24 07:01:34;25.000;25.031;0.000;0.000;0.000;0.069;100.000;5.000;15.000;0.000;0.000;0.000;0.000;0.000;0.000
2025.02.24 07:02:34;25.000;25.031;0.000;0.000;0.000;0.068;100.000;5.000;15.000;0.000;0.000;0.000;0.000;0.000;0.000
2025.02.24 07:03:35;25.000;25.029;0.000;0.000;0.000;0.068;100.000;5.000;15.000;0.000;0.000;0.000;0.000;0.000;0.000
2025.02.24 07:04:35;25.000;25.031;0.000;0.000;0.000;0.068;100.000;5.000;15.000;0.000;0.000;0.000;0.000;0.000;0.000
2025.02.24 07:05:35;25.000;25.029;0.000;0.000;0.000;0.068;100.000;5.000;15.000;0.000;0.000;0.000;0.000;0.000;0.000
2025.02.24 07:06:35;25.000;25.030;0.000;0.000;0.000;0.068;100.000;5.000;15.000;0.000;0.000;0.000;0.000;0.000;0.000
2025.02.24 07:07:35;25.000;25.030;0.000;0.000;0.000;0.068;100.000;5.000;15.000;0.000;0.000;0.000;0.000;0.000;0.000
2025.02.24 07:08:35;25.000;25.029;0.000;0.000;0.000;0.068;100.000;5.000;15.000;0.000;0.000;0.000;0.000;0.000;0.000
2025.02.24 07:09:35;25.000;25.027;0.000;0.000;0.000;0.068;100.000;5.000;15.000;0.000;0.000;0.000;0.000;0.000;0.000
2025.02.24 07:10:35;25.000;25.028;0.000;0.000;0.000;0.068;100.000;5.000;15.000;0.000;0.000;0.000;0.000;0.000;0.000
2025.02.24 07:11:36;25.000;25.027;0.000;0.000;0.000;0.068;100.000;5.000;15.000;0.000;0.000;0.000;0.000;0.000;0.000
2025.02.24 07:12:36;25.000;25.028;0.000;0.000;0.000;0.068;100.000;5.000;15.000;0.000;0.000;0.000;0.000;0.000;0.000
2025.02.24 07:13:36;25.000;25.026;0.000;0.000;0.000;0.068;100.000;5.000;15.000;0.000;0.000;0.000;0.000;0.000;0.000
2025.02.24 07:14:36;25.000;25.025;0.000;0.000;0.000;0.068;100.000;5.000;15.000;0.000;0.000;0.000;0.000;0.000;0.000
2025.02.24 07:15:36;25.000;25.025;0.000;0.000;0.000;0.068;100.000;5.000;15.000;0.000;0.000;0.000;0.000;0.000;0.000
2025.02.24 07:16:36;25.000;25.026;0.000;0.000;0.000;0.068;100.000;5.000;15.000;0.000;0.000;0.000;0.000;0.000;0.000
2025.02.24 07:17:36;25.000;25.025;0.000;0.000;0.000;0.068;100.000;5.000;15.000;0.000;0.000;0.000;0.000;0.000;0.000
2025.02.24 07:18:37;25.000;25.026;0.000;0.000;0.000;0.068;100.000;5.000;15.000;0.000;0.000;0.000;0.000;0.000;0.000
2025.02.24 07:19:37;25.000;25.024;0.000;0.000;0.000;0.068;100.000;5.000;15.000;0.000;0.000;0.000;0.000;0.000;0.000
2025.02.24 07:20:37;25.000;25.024;0.000;0.000;0.000;0.068;100.000;5.000;15.000;0.000;0.000;0.000;0.000;0.000;0.000
2025.02.24 07:21:37;25.000;25.022;0.000;0.000;0.000;0.068;100.000;5.000;15.000;0.000;0.000;0.000;0.000;0.000;0.000
2025.02.24 07:22:37;25.000;25.022;0.000;0.000;0.000;0.068;100.000;5.000;15.000;0.000;0.000;0.000;0.000;0.000;0.000
2025.02.24 07:23:37;25.000;25.022;0.000;0.000;0.000;0.068;100.000;5.000;15.000;0.000;0.000;0.000;0.000;0.000;0.000
2025.02.24 07:24:37;25.000;25.024;0.000;0.000;0.000;0.068;100.000;5.000;15.000;0.000;0.000;0.000;0.000;0.000;0.000
2025.02.24 07:25:38;25.000;25.022;0.000;0.000;0.000;0.068;100.000;5.000;15.000;0.000;0.000;0.000;0.000;0.000;0.000
2025.02.24 07:26:38;25.000;25.023;0.000;0.000;0.000;0.068;100.000;5.000;15.000;0.000;0.000;0.000;0.000;0.000;0.000
2025.02.24 07:27:38;25.000;25.024;0.000;0.000;0.000;0.068;100.000;5.000;15.000;0.000;0.000;0.000;0.000;0.000;0.000
2025.02.24 07:28:38;25.000;25.021;0.000;0.000;0.000;0.068;100.000;5.000;15.000;0.000;0.000;0.000;0.000;0.000;0.000
2025.02.24 07:29:38;25.000;25.020;0.000;0.000;0.000;0.068;100.000;5.000;15.000;0.000;0.000;0.000;0.000;0.000;0.000
2025.02.24 07:30:38;25.000;25.019;0.000;0.000;0.000;0.068;100.000;5.000;15.000;0.000;0.000;0.000;0.000;0.000;0.000
2025.02.24 07:31:38;25.000;25.020;0.000;0.000;0.000;0.068;100.000;5.000;15.000;0.000;0.000;0.000;0.000;0.000;0.000
2025.02.24 07:32:38;25.000;25.020;0.000;0.000;0.000;0.068;100.000;5.000;15.000;0.000;0.000;0.000;0.000;0.000;0.000
2025.02.24 07:33:38;25.000;25.019;0.000;0.000;0.000;0.068;100.000;5.000;15.000;0.000;0.000;0.000;0.000;0.000;0.000
2025.02.24 07:34:38;25.000;25.020;0.000;0.000;0.000;0.068;100.000;5.000;15.000;0.000;0.000;0.000;0.000;0.000;0.000
2025.02.24 07:35:38;25.000;25.018;0.000;0.000;0.000;0.068;100.000;5.000;15.000;0.000;0.000;0.000;0.000;0.000;0.000
2025.02.24 07:36:38;25.000;25.016;0.000;0.000;0.000;0.068;100.000;5.000;15.000;0.000;0.000;0.000;0.000;0.000;0.000
2025.02.24 07:37:39;25.000;25.018;0.000;0.000;0.000;0.068;100.000;5.000;15.000;0.000;0.000;0.000;0.000;0.000;0.000
2025.02.24 07:38:39;25.000;25.017;0.000;0.000;0.000;0.068;100.000;5.000;15.000;0.000;0.000;0.000;0.000;0.000;0.000
2025.02.24 07:39:39;25.000;25.016;0.000;0.000;0.000;0.068;100.000;5.000;15.000;0.000;0.000;0.000;0.000;0.000;0.000
2025.02.24 07:40:39;25.000;25.016;0.000;0.000;0.000;0.068;100.000;5.000;15.000;0.000;0.000;0.000;0.000;0.000;0.000
2025.02.24 07:41:39;25.000;25.015;0.000;0.000;0.000;0.068;100.000;5.000;15.000;0.000;0.000;0.000;0.000;0.000;0.000
2025.02.24 07:42:39;25.000;25.014;0.000;0.000;0.000;0.068;100.000;5.000;15.000;0.000;0.000;0.000;0.000;0.000;0.000
2025.02.24 07:43:40;25.000;25.014;0.000;0.000;0.000;0.068;100.000;5.000;15.000;0.000;0.000;0.000;0.000;0.000;0.000
2025.02.24 07:44:40;25.000;25.015;0.000;0.000;0.000;0.068;100.000;5.000;15.000;0.000;0.000;0.000;0.000;0.000;0.000
2025.02.24 07:45:40;25.000;25.013;0.000;0.000;0.000;0.068;100.000;5.000;15.000;0.000;0.000;0.000;0.000;0.000;0.000
2025.02.24 07:46:40;25.000;25.014;0.000;0.000;0.000;0.068;100.000;5.000;15.000;0.000;0.000;0.000;0.000;0.000;0.000
2025.02.24 07:47:40;25.000;25.012;0.000;0.000;0.000;0.068;100.000;5.000;15.000;0.000;0.000;0.000;0.000;0.000;0.000
2025.02.24 07:48:40;25.000;25.012;0.000;0.000;0.000;0.068;100.000;5.000;15.000;0.000;0.000;0.000;0.000;0.000;0.000
2025.02.24 07:49:40;25.000;25.013;0.000;0.000;0.000;0.068;100.000;5.000;15.000;0.000;0.000;0.000;0.000;0.000;0.000
2025.02.24 07:50:41;25.000;25.014;0.000;0.000;0.000;0.068;100.000;5.000;15.000;0.000;0.000;0.000;0.000;0.000;0.000
2025.02.24 07:51:41;25.000;25.011;0.000;0.000;0.000;0.068;100.000;5.000;15.000;0.000;0.000;0.000;0.000;0.000;0.000
2025.02.24 07:52:41;25.000;25.011;0.000;0.000;0.000;0.068;100.000;5.000;15.000;0.000;0.000;0.000;0.000;0.000;0.000
2025.02.24 07:53:41;25.000;25.011;0.000;0.000;0.000;0.068;100.000;5.000;15.000;0.000;0.000;0.000;0.000;0.000;0.000
2025.02.24 07:54:41;25.000;25.010;0.000;0.000;0.000;0.068;100.000;5.000;15.000;0.000;0.000;0.000;0.000;0.000;0.000
2025.02.24 07:55:41;25.000;25.009;0.000;0.000;0.000;0.068;100.000;5.000;15.000;0.000;0.000;0.000;0.000;0.000;0.000
2025.02.24 07:56:41;25.000;25.009;0.000;0.000;0.000;0.068;100.000;5.000;15.000;0.000;0.000;0.000;0.000;0.000;0.000
2025.02.24 07:57:42;25.000;25.008;0.000;0.000;0.000;0.068;100.000;5.000;15.000;0.000;0.000;0.000;0.000;0.000;0.000
2025.02.24 07:58:42;25.000;25.008;0.000;0.000;0.000;0.068;100.000;5.000;15.000;0.000;0.000;0.000;0.000;0.000;0.000
2025.02.24 07:59:42;25.000;25.008;0.000;0.000;0.000;0.068;100.000;5.000;15.000;0.000;0.000;0.000;0.000;0.000;0.000
2025.02.24 08:00:42;25.000;25.008;0.000;0.000;0.000;0.068;100.000;5.000;15.000;0.000;0.000;0.000;0.000;0.000;0.000
2025.02.24 08:01:42;25.000;25.008;0.000;0.000;0.000;0.068;100.000;5.000;15.000;0.000;0.000;0.000;0.000;0.000;0.000
2025.02.24 08:02:42;25.000;25.006;0.000;0.000;0.000;0.068;100.000;5.000;15.000;0.000;0.000;0.000;0.000;0.000;0.000
2025.02.24 08:05:37;25.000;25.006;0.000;0.000;0.000;0.069;100.000;5.000;15.000;0.000;0.000;0.000;0.000;0.000;0.000
2025.02.24 08:06:37;25.000;25.005;0.000;0.000;0.000;0.068;100.000;5.000;15.000;0.000;0.000;0.000;0.000;0.000;0.000
2025.02.24 08:07:37;25.000;25.006;0.000;0.000;0.000;0.068;100.000;5.000;15.000;0.000;0.000;0.000;0.000;0.000;0.000
2025.02.24 08:08:37;25.000;25.004;0.000;0.000;0.000;0.068;100.000;5.000;15.000;0.000;0.000;0.000;0.000;0.000;0.000
2025.02.24 08:09:37;25.000;25.005;0.000;0.000;0.000;0.068;100.000;5.000;15.000;0.000;0.000;0.000;0.000;0.000;0.000
2025.02.24 08:10:37;25.000;25.004;0.000;0.000;0.000;0.068;100.000;5.000;15.000;0.000;0.000;0.000;0.000;0.000;0.000
2025.02.24 08:11:37;25.000;25.002;0.000;0.000;0.000;0.068;100.000;5.000;15.000;0.000;0.000;0.000;0.000;0.000;0.000
2025.02.24 08:12:37;25.000;25.002;0.000;0.000;0.000;0.068;100.000;5.000;15.000;0.000;0.000;0.000;0.000;0.000;0.000
2025.02.24 08:13:38;25.000;25.002;0.000;0.000;0.000;0.068;100.000;5.000;15.000;0.000;0.000;0.000;0.000;0.000;0.000
2025.02.24 08:14:38;25.000;25.002;0.000;0.000;0.000;0.068;100.000;5.000;15.000;0.000;0.000;0.000;0.000;0.000;0.000
2025.02.24 08:15:38;25.000;25.003;0.000;0.000;0.000;0.068;100.000;5.000;15.000;0.000;0.000;0.000;0.000;0.000;0.000
2025.02.24 08:16:38;25.000;25.002;0.000;0.000;0.000;0.068;100.000;5.000;15.000;0.000;0.000;0.000;0.000;0.000;0.000
2025.02.24 08:17:38;25.000;25.001;0.000;0.000;0.000;0.068;100.000;5.000;15.000;0.000;0.000;0.000;0.000;0.000;0.000
2025.02.24 08:18:38;25.000;25.002;0.000;0.000;0.000;0.068;100.000;5.000;15.000;0.000;0.000;0.000;0.000;0.000;0.000
2025.02.24 08:19:39;25.000;25.000;0.000;0.000;0.000;0.068;100.000;5.000;15.000;0.000;0.000;0.000;0.000;0.000;0.000
2025.02.24 08:20:39;25.000;25.002;0.000;0.000;0.000;0.068;100.000;5.000;15.000;0.000;0.000;0.000;0.000;0.000;0.000
2025.02.24 08:21:39;25.000;24.999;0.000;0.000;0.000;0.068;100.000;5.000;15.000;0.000;0.000;0.000;0.000;0.000;0.000
2025.02.24 08:22:39;25.000;25.000;0.000;0.000;0.000;0.068;100.000;5.000;15.000;0.000;0.000;0.000;0.000;0.000;0.000
2025.02.24 08:23:39;25.000;24.999;0.000;0.000;0.000;0.068;100.000;5.000;15.000;0.000;0.000;0.000;0.000;0.000;0.000
2025.02.24 08:24:39;25.000;24.999;0.000;0.000;0.000;0.068;100.000;5.000;15.000;0.000;0.000;0.000;0.000;0.000;0.000
2025.02.24 08:25:39;25.000;24.998;0.000;0.000;0.000;0.068;100.000;5.000;15.000;0.000;0.000;0.000;0.000;0.000;0.000
2025.02.24 08:26:40;25.000;24.998;0.000;0.000;0.000;0.068;100.000;5.000;15.000;0.000;0.000;0.000;0.000;0.000;0.000
2025.02.24 08:27:40;25.000;24.997;0.000;0.000;0.000;0.068;100.000;5.000;15.000;0.000;0.000;0.000;0.000;0.000;0.000
2025.02.24 08:28:40;25.000;24.997;0.000;0.000;0.000;0.068;100.000;5.000;15.000;0.000;0.000;0.000;0.000;0.000;0.000
2025.02.24 08:29:40;25.000;24.997;0.000;0.000;0.000;0.068;100.000;5.000;15.000;0.000;0.000;0.000;0.000;0.000;0.000
2025.02.24 08:30:40;25.000;24.996;0.000;0.000;0.000;0.068;100.000;5.000;15.000;0.000;0.000;0.000;0.000;0.000;0.000
2025.02.24 08:31:40;25.000;24.996;0.000;0.000;0.000;0.068;100.000;5.000;15.000;0.000;0.000;0.000;0.000;0.000;0.000
2025.02.24 08:32:40;25.000;24.995;0.000;0.000;0.000;0.068;100.000;5.000;15.000;0.000;0.000;0.000;0.000;0.000;0.000
2025.02.24 08:33:40;25.000;24.998;0.000;0.000;0.000;0.068;100.000;5.000;15.000;0.000;0.000;0.000;0.000;0.000;0.000
2025.02.24 08:34:40;25.000;24.996;0.000;0.000;0.000;0.068;100.000;5.000;15.000;0.000;0.000;0.000;0.000;0.000;0.000
2025.02.24 08:35:40;25.000;24.996;0.000;0.000;0.000;0.068;100.000;5.000;15.000;0.000;0.000;0.000;0.000;0.000;0.000
2025.02.24 08:36:41;25.000;24.995;0.000;0.000;0.000;0.068;100.000;5.000;15.000;0.000;0.000;0.000;0.000;0.000;0.000
2025.02.24 08:37:41;25.000;24.995;0.000;0.000;0.000;0.068;100.000;5.000;15.000;0.000;0.000;0.000;0.000;0.000;0.000
2025.02.24 08:38:41;25.000;24.995;0.000;0.000;0.000;0.068;100.000;5.000;15.000;0.000;0.000;0.000;0.000;0.000;0.000
2025.02.24 08:39:41;25.000;24.995;0.000;0.000;0.000;0.068;100.000;5.000;15.000;0.000;0.000;0.000;0.000;0.000;0.000
2025.02.24 08:40:41;25.000;24.994;0.000;0.000;0.000;0.068;100.000;5.000;15.000;0.000;0.000;0.000;0.000;0.000;0.000
