Test Name, UCT003-DOD-C10-S00
Test Date, 2025/02/14 12:19:24 PM
Operator ID, Uyilo
, 
Program Name, UCT003 5h-2.00A-14.4V Full Discharge Test LCV5
Program Description, 
Program Database, C:\VisuaLCN\Programs\Standard tests.mdb
, 
Module Type, lD
Module Description, LCV 5-50-12
Address, Port: 1, Sys Controller: 3  Circuit: 4
Name, Channel 4
Device ID, Unknown
, 
Notes,   5.21b, MDB 9.542025/02/14 12:18:06 PM - Started by Masa
Editable Notes, 

Total Time,Cycle,Loop Counter #1,Loop Counter #2,Loop Counter #3,Step,Step time,Current,Voltage,Power,Amp-Hours,Watt-Hours,Unassigned A1,Unassigned A2,Unassigned A3,Unassigned A4,Unassigned A5,Unassigned A6,Unassigned A7,Unassigned A8,Mode,Data Acquisition Flag,
30.0,1,1,1,1,1,30.0,-1.56,11.951,-18.6,-0.01,-0.15,0,0,0,0,0,0,0,0,DCHG, ,
60.0,1,1,1,1,1,60.0,-1.56,11.934,-18.6,-0.02,-0.3,0,0,0,0,0,0,0,0,DCHG, ,
90.0,1,1,1,1,1,90.0,-1.56,11.929,-18.6,-0.03,-0.46,0,0,0,0,0,0,0,0,DCHG, ,
120.0,1,1,1,1,1,120.0,-1.56,11.926,-18.6,-0.05,-0.61,0,0,0,0,0,0,0,0,DCHG, ,
150.0,1,1,1,1,1,150.0,-1.56,11.925,-18.6,-0.06,-0.77,0,0,0,0,0,0,0,0,DCHG, ,
180.0,1,1,1,1,1,180.0,-1.56,11.924,-18.6,-0.07,-0.92,0,0,0,0,0,0,0,0,DCHG, ,
210.0,1,1,1,1,1,210.0,-1.56,11.922,-18.6,-0.09,-1.08,0,0,0,0,0,0,0,0,DCHG, ,
240.0,1,1,1,1,1,240.0,-1.56,11.92,-18.6,-0.1,-1.23,0,0,0,0,0,0,0,0,DCHG, ,
270.0,1,1,1,1,1,270.0,-1.56,11.919,-18.6,-0.11,-1.39,0,0,0,0,0,0,0,0,DCHG, ,
300.0,1,1,1,1,1,300.0,-1.56,11.917,-18.6,-0.12,-1.54,0,0,0,0,0,0,0,0,DCHG, ,
330.0,1,1,1,1,1,330.0,-1.56,11.914,-18.6,-0.14,-1.7,0,0,0,0,0,0,0,0,DCHG, ,
360.0,1,1,1,1,1,360.0,-1.56,11.912,-18.6,-0.15,-1.85,0,0,0,0,0,0,0,0,DCHG, ,
390.0,1,1,1,1,1,390.0,-1.56,11.909,-18.6,-0.16,-2.01,0,0,0,0,0,0,0,0,DCHG, ,
420.0,1,1,1,1,1,420.0,-1.56,11.907,-18.5,-0.18,-2.16,0,0,0,0,0,0,0,0,DCHG, ,
450.0,1,1,1,1,1,450.0,-1.56,11.904,-18.5,-0.19,-2.32,0,0,0,0,0,0,0,0,DCHG, ,
480.0,1,1,1,1,1,480.0,-1.56,11.901,-18.5,-0.2,-2.47,0,0,0,0,0,0,0,0,DCHG, ,
510.0,1,1,1,1,1,510.0,-1.56,11.898,-18.5,-0.22,-2.63,0,0,0,0,0,0,0,0,DCHG, ,
540.0,1,1,1,1,1,540.0,-1.56,11.895,-18.5,-0.23,-2.78,0,0,0,0,0,0,0,0,DCHG, ,
570.0,1,1,1,1,1,570.0,-1.56,11.892,-18.5,-0.24,-2.93,0,0,0,0,0,0,0,0,DCHG, ,
600.0,1,1,1,1,1,600.0,-1.56,11.89,-18.5,-0.25,-3.09,0,0,0,0,0,0,0,0,DCHG, ,
630.0,1,1,1,1,1,630.0,-1.56,11.887,-18.5,-0.27,-3.24,0,0,0,0,0,0,0,0,DCHG, ,
660.0,1,1,1,1,1,660.0,-1.56,11.884,-18.5,-0.28,-3.4,0,0,0,0,0,0,0,0,DCHG, ,
690.0,1,1,1,1,1,690.0,-1.56,11.88,-18.5,-0.29,-3.55,0,0,0,0,0,0,0,0,DCHG, ,
720.0,1,1,1,1,1,720.0,-1.56,11.877,-18.5,-0.31,-3.71,0,0,0,0,0,0,0,0,DCHG, ,
750.0,1,1,1,1,1,750.0,-1.56,11.874,-18.5,-0.32,-3.86,0,0,0,0,0,0,0,0,DCHG, ,
780.0,1,1,1,1,1,780.0,-1.56,11.871,-18.5,-0.33,-4.01,0,0,0,0,0,0,0,0,DCHG, ,
810.0,1,1,1,1,1,810.0,-1.56,11.868,-18.5,-0.35,-4.17,0,0,0,0,0,0,0,0,DCHG, ,
840.0,1,1,1,1,1,840.0,-1.56,11.865,-18.5,-0.36,-4.32,0,0,0,0,0,0,0,0,DCHG, ,
870.0,1,1,1,1,1,870.0,-1.56,11.862,-18.5,-0.37,-4.48,0,0,0,0,0,0,0,0,DCHG, ,
900.0,1,1,1,1,1,900.0,-1.56,11.859,-18.5,-0.38,-4.63,0,0,0,0,0,0,0,0,DCHG, ,
930.0,1,1,1,1,1,930.0,-1.56,11.856,-18.5,-0.4,-4.78,0,0,0,0,0,0,0,0,DCHG, ,
960.0,1,1,1,1,1,960.0,-1.56,11.853,-18.5,-0.41,-4.94,0,0,0,0,0,0,0,0,DCHG, ,
990.0,1,1,1,1,1,990.0,-1.56,11.849,-18.5,-0.42,-5.09,0,0,0,0,0,0,0,0,DCHG, ,
1020.0,1,1,1,1,1,1020.0,-1.56,11.846,-18.4,-0.44,-5.25,0,0,0,0,0,0,0,0,DCHG, ,
1050.0,1,1,1,1,1,1050.0,-1.56,11.843,-18.4,-0.45,-5.4,0,0,0,0,0,0,0,0,DCHG, ,
1080.0,1,1,1,1,1,1080.0,-1.56,11.84,-18.4,-0.46,-5.55,0,0,0,0,0,0,0,0,DCHG, ,
1110.0,1,1,1,1,1,1110.0,-1.56,11.837,-18.4,-0.48,-5.71,0,0,0,0,0,0,0,0,DCHG, ,
1140.0,1,1,1,1,1,1140.0,-1.56,11.833,-18.4,-0.49,-5.86,0,0,0,0,0,0,0,0,DCHG, ,
1170.0,1,1,1,1,1,1170.0,-1.56,11.83,-18.4,-0.5,-6.01,0,0,0,0,0,0,0,0,DCHG, ,
1200.0,1,1,1,1,1,1200.0,-1.56,11.827,-18.4,-0.51,-6.17,0,0,0,0,0,0,0,0,DCHG, ,
1230.0,1,1,1,1,1,1230.0,-1.56,11.824,-18.4,-0.53,-6.32,0,0,0,0,0,0,0,0,DCHG, ,
1260.0,1,1,1,1,1,1260.0,-1.56,11.82,-18.4,-0.54,-6.47,0,0,0,0,0,0,0,0,DCHG, ,
1290.0,1,1,1,1,1,1290.0,-1.56,11.818,-18.4,-0.55,-6.63,0,0,0,0,0,0,0,0,DCHG, ,
1320.0,1,1,1,1,1,1320.0,-1.56,11.814,-18.4,-0.57,-6.78,0,0,0,0,0,0,0,0,DCHG, ,
1350.0,1,1,1,1,1,1350.0,-1.56,11.811,-18.4,-0.58,-6.93,0,0,0,0,0,0,0,0,DCHG, ,
1380.0,1,1,1,1,1,1380.0,-1.56,11.807,-18.4,-0.59,-7.09,0,0,0,0,0,0,0,0,DCHG, ,
1410.0,1,1,1,1,1,1410.0,-1.56,11.804,-18.4,-0.61,-7.24,0,0,0,0,0,0,0,0,DCHG, ,
1440.0,1,1,1,1,1,1440.0,-1.56,11.801,-18.4,-0.62,-7.39,0,0,0,0,0,0,0,0,DCHG, ,
1470.0,1,1,1,1,1,1470.0,-1.56,11.798,-18.4,-0.63,-7.55,0,0,0,0,0,0,0,0,DCHG, ,
1500.0,1,1,1,1,1,1500.0,-1.56,11.794,-18.4,-0.64,-7.7,0,0,0,0,0,0,0,0,DCHG, ,
1530.0,1,1,1,1,1,1530.0,-1.56,11.791,-18.4,-0.66,-7.85,0,0,0,0,0,0,0,0,DCHG, ,
1560.0,1,1,1,1,1,1560.0,-1.56,11.788,-18.4,-0.67,-8.01,0,0,0,0,0,0,0,0,DCHG, ,
1590.0,1,1,1,1,1,1590.0,-1.56,11.785,-18.4,-0.68,-8.16,0,0,0,0,0,0,0,0,DCHG, ,
1620.0,1,1,1,1,1,1620.0,-1.56,11.781,-18.3,-0.7,-8.31,0,0,0,0,0,0,0,0,DCHG, ,
1650.0,1,1,1,1,1,1650.0,-1.56,11.777,-18.3,-0.71,-8.47,0,0,0,0,0,0,0,0,DCHG, ,
1680.0,1,1,1,1,1,1680.0,-1.56,11.774,-18.3,-0.72,-8.62,0,0,0,0,0,0,0,0,DCHG, ,
1710.0,1,1,1,1,1,1710.0,-1.56,11.771,-18.3,-0.74,-8.77,0,0,0,0,0,0,0,0,DCHG, ,
1740.0,1,1,1,1,1,1740.0,-1.56,11.768,-18.3,-0.75,-8.92,0,0,0,0,0,0,0,0,DCHG, ,
1770.0,1,1,1,1,1,1770.0,-1.56,11.764,-18.3,-0.76,-9.08,0,0,0,0,0,0,0,0,DCHG, ,
1800.0,1,1,1,1,1,1800.0,-1.56,11.761,-18.3,-0.77,-9.23,0,0,0,0,0,0,0,0,DCHG, ,
1830.0,1,1,1,1,1,1830.0,-1.56,11.757,-18.3,-0.79,-9.38,0,0,0,0,0,0,0,0,DCHG, ,
1860.0,1,1,1,1,1,1860.0,-1.56,11.754,-18.3,-0.8,-9.53,0,0,0,0,0,0,0,0,DCHG, ,
1890.0,1,1,1,1,1,1890.0,-1.56,11.751,-18.3,-0.81,-9.69,0,0,0,0,0,0,0,0,DCHG, ,
1920.0,1,1,1,1,1,1920.0,-1.56,11.748,-18.3,-0.83,-9.84,0,0,0,0,0,0,0,0,DCHG, ,
1950.0,1,1,1,1,1,1950.0,-1.56,11.744,-18.3,-0.84,-9.99,0,0,0,0,0,0,0,0,DCHG, ,
1980.0,1,1,1,1,1,1980.0,-1.56,11.741,-18.3,-0.85,-10.14,0,0,0,0,0,0,0,0,DCHG, ,
2010.0,1,1,1,1,1,2010.0,-1.56,11.737,-18.3,-0.87,-10.3,0,0,0,0,0,0,0,0,DCHG, ,
2040.0,1,1,1,1,1,2040.0,-1.56,11.733,-18.3,-0.88,-10.45,0,0,0,0,0,0,0,0,DCHG, ,
2070.0,1,1,1,1,1,2070.0,-1.56,11.731,-18.3,-0.89,-10.6,0,0,0,0,0,0,0,0,DCHG, ,
2100.0,1,1,1,1,1,2100.0,-1.56,11.727,-18.3,-0.9,-10.75,0,0,0,0,0,0,0,0,DCHG, ,
2130.0,1,1,1,1,1,2130.0,-1.56,11.723,-18.3,-0.92,-10.91,0,0,0,0,0,0,0,0,DCHG, ,
2160.0,1,1,1,1,1,2160.0,-1.56,11.72,-18.3,-0.93,-11.06,0,0,0,0,0,0,0,0,DCHG, ,
2190.0,1,1,1,1,1,2190.0,-1.56,11.717,-18.2,-0.94,-11.21,0,0,0,0,0,0,0,0,DCHG, ,
2220.0,1,1,1,1,1,2220.0,-1.56,11.713,-18.2,-0.96,-11.36,0,0,0,0,0,0,0,0,DCHG, ,
2250.0,1,1,1,1,1,2250.0,-1.56,11.709,-18.2,-0.97,-11.51,0,0,0,0,0,0,0,0,DCHG, ,
2280.0,1,1,1,1,1,2280.0,-1.56,11.706,-18.2,-0.98,-11.66,0,0,0,0,0,0,0,0,DCHG, ,
2310.0,1,1,1,1,1,2310.0,-1.56,11.703,-18.2,-1,-11.82,0,0,0,0,0,0,0,0,DCHG, ,
2340.0,1,1,1,1,1,2340.0,-1.56,11.699,-18.2,-1.01,-11.97,0,0,0,0,0,0,0,0,DCHG, ,
2370.0,1,1,1,1,1,2370.0,-1.56,11.695,-18.2,-1.02,-12.12,0,0,0,0,0,0,0,0,DCHG, ,
2400.0,1,1,1,1,1,2400.0,-1.56,11.692,-18.2,-1.03,-12.27,0,0,0,0,0,0,0,0,DCHG, ,
2430.0,1,1,1,1,1,2430.0,-1.56,11.689,-18.2,-1.05,-12.42,0,0,0,0,0,0,0,0,DCHG, ,
2460.0,1,1,1,1,1,2460.0,-1.56,11.685,-18.2,-1.06,-12.57,0,0,0,0,0,0,0,0,DCHG, ,
2490.0,1,1,1,1,1,2490.0,-1.56,11.681,-18.2,-1.07,-12.73,0,0,0,0,0,0,0,0,DCHG, ,
2520.0,1,1,1,1,1,2520.0,-1.56,11.678,-18.2,-1.09,-12.88,0,0,0,0,0,0,0,0,DCHG, ,
2550.0,1,1,1,1,1,2550.0,-1.56,11.674,-18.2,-1.1,-13.03,0,0,0,0,0,0,0,0,DCHG, ,
2580.0,1,1,1,1,1,2580.0,-1.56,11.671,-18.2,-1.11,-13.18,0,0,0,0,0,0,0,0,DCHG, ,
2610.0,1,1,1,1,1,2610.0,-1.56,11.667,-18.2,-1.13,-13.33,0,0,0,0,0,0,0,0,DCHG, ,
2640.0,1,1,1,1,1,2640.0,-1.56,11.663,-18.2,-1.14,-13.48,0,0,0,0,0,0,0,0,DCHG, ,
2670.0,1,1,1,1,1,2670.0,-1.56,11.659,-18.2,-1.15,-13.64,0,0,0,0,0,0,0,0,DCHG, ,
2700.0,1,1,1,1,1,2700.0,-1.56,11.656,-18.1,-1.16,-13.79,0,0,0,0,0,0,0,0,DCHG, ,
2730.0,1,1,1,1,1,2730.0,-1.56,11.653,-18.1,-1.18,-13.94,0,0,0,0,0,0,0,0,DCHG, ,
2760.0,1,1,1,1,1,2760.0,-1.56,11.649,-18.1,-1.19,-14.09,0,0,0,0,0,0,0,0,DCHG, ,
2790.0,1,1,1,1,1,2790.0,-1.56,11.645,-18.1,-1.2,-14.24,0,0,0,0,0,0,0,0,DCHG, ,
2820.0,1,1,1,1,1,2820.0,-1.56,11.641,-18.1,-1.22,-14.39,0,0,0,0,0,0,0,0,DCHG, ,
2850.0,1,1,1,1,1,2850.0,-1.56,11.638,-18.1,-1.23,-14.54,0,0,0,0,0,0,0,0,DCHG, ,
2880.0,1,1,1,1,1,2880.0,-1.56,11.634,-18.1,-1.24,-14.69,0,0,0,0,0,0,0,0,DCHG, ,
2910.0,1,1,1,1,1,2910.0,-1.56,11.631,-18.1,-1.26,-14.84,0,0,0,0,0,0,0,0,DCHG, ,
2940.0,1,1,1,1,1,2940.0,-1.56,11.627,-18.1,-1.27,-14.99,0,0,0,0,0,0,0,0,DCHG, ,
2970.0,1,1,1,1,1,2970.0,-1.56,11.623,-18.1,-1.28,-15.15,0,0,0,0,0,0,0,0,DCHG, ,
3000.0,1,1,1,1,1,3000.0,-1.56,11.619,-18.1,-1.29,-15.3,0,0,0,0,0,0,0,0,DCHG, ,
3030.0,1,1,1,1,1,3030.0,-1.56,11.616,-18.1,-1.31,-15.45,0,0,0,0,0,0,0,0,DCHG, ,
3060.0,1,1,1,1,1,3060.0,-1.56,11.612,-18.1,-1.32,-15.6,0,0,0,0,0,0,0,0,DCHG, ,
3090.0,1,1,1,1,1,3090.0,-1.56,11.608,-18.1,-1.33,-15.75,0,0,0,0,0,0,0,0,DCHG, ,
3120.0,1,1,1,1,1,3120.0,-1.56,11.604,-18.1,-1.35,-15.9,0,0,0,0,0,0,0,0,DCHG, ,
3150.0,1,1,1,1,1,3150.0,-1.56,11.601,-18.1,-1.36,-16.05,0,0,0,0,0,0,0,0,DCHG, ,
3180.0,1,1,1,1,1,3180.0,-1.56,11.597,-18.1,-1.37,-16.2,0,0,0,0,0,0,0,0,DCHG, ,
3210.0,1,1,1,1,1,3210.0,-1.56,11.593,-18.1,-1.39,-16.35,0,0,0,0,0,0,0,0,DCHG, ,
3240.0,1,1,1,1,1,3240.0,-1.56,11.589,-18,-1.4,-16.5,0,0,0,0,0,0,0,0,DCHG, ,
3270.0,1,1,1,1,1,3270.0,-1.56,11.585,-18,-1.41,-16.65,0,0,0,0,0,0,0,0,DCHG, ,
3300.0,1,1,1,1,1,3300.0,-1.56,11.581,-18,-1.42,-16.8,0,0,0,0,0,0,0,0,DCHG, ,
3330.0,1,1,1,1,1,3330.0,-1.56,11.577,-18,-1.44,-16.95,0,0,0,0,0,0,0,0,DCHG, ,
3360.0,1,1,1,1,1,3360.0,-1.56,11.573,-18,-1.45,-17.1,0,0,0,0,0,0,0,0,DCHG, ,
3390.0,1,1,1,1,1,3390.0,-1.56,11.57,-18,-1.46,-17.25,0,0,0,0,0,0,0,0,DCHG, ,
3420.0,1,1,1,1,1,3420.0,-1.56,11.566,-18,-1.48,-17.4,0,0,0,0,0,0,0,0,DCHG, ,
3450.0,1,1,1,1,1,3450.0,-1.56,11.562,-18,-1.49,-17.55,0,0,0,0,0,0,0,0,DCHG, ,
3480.0,1,1,1,1,1,3480.0,-1.56,11.558,-18,-1.5,-17.7,0,0,0,0,0,0,0,0,DCHG, ,
3510.0,1,1,1,1,1,3510.0,-1.56,11.554,-18,-1.52,-17.85,0,0,0,0,0,0,0,0,DCHG, ,
3540.0,1,1,1,1,1,3540.0,-1.56,11.55,-18,-1.53,-18,0,0,0,0,0,0,0,0,DCHG, ,
3570.0,1,1,1,1,1,3570.0,-1.56,11.546,-18,-1.54,-18.15,0,0,0,0,0,0,0,0,DCHG, ,
3600.0,1,1,1,1,1,3600.0,-1.56,11.542,-18,-1.55,-18.3,0,0,0,0,0,0,0,0,DCHG, ,
3630.0,1,1,1,1,1,3630.0,-1.56,11.538,-18,-1.57,-18.45,0,0,0,0,0,0,0,0,DCHG, ,
3660.0,1,1,1,1,1,3660.0,-1.56,11.534,-18,-1.58,-18.6,0,0,0,0,0,0,0,0,DCHG, ,
3690.0,1,1,1,1,1,3690.0,-1.56,11.53,-18,-1.59,-18.75,0,0,0,0,0,0,0,0,DCHG, ,
3720.0,1,1,1,1,1,3720.0,-1.56,11.526,-17.9,-1.61,-18.9,0,0,0,0,0,0,0,0,DCHG, ,
3750.0,1,1,1,1,1,3750.0,-1.56,11.521,-17.9,-1.62,-19.05,0,0,0,0,0,0,0,0,DCHG, ,
3780.0,1,1,1,1,1,3780.0,-1.56,11.517,-17.9,-1.63,-19.2,0,0,0,0,0,0,0,0,DCHG, ,
3810.0,1,1,1,1,1,3810.0,-1.56,11.513,-17.9,-1.65,-19.35,0,0,0,0,0,0,0,0,DCHG, ,
3840.0,1,1,1,1,1,3840.0,-1.56,11.509,-17.9,-1.66,-19.5,0,0,0,0,0,0,0,0,DCHG, ,
3870.0,1,1,1,1,1,3870.0,-1.56,11.504,-17.9,-1.67,-19.65,0,0,0,0,0,0,0,0,DCHG, ,
3900.0,1,1,1,1,1,3900.0,-1.56,11.501,-17.9,-1.68,-19.8,0,0,0,0,0,0,0,0,DCHG, ,
3930.0,1,1,1,1,1,3930.0,-1.56,11.496,-17.9,-1.7,-19.95,0,0,0,0,0,0,0,0,DCHG, ,
3960.0,1,1,1,1,1,3960.0,-1.56,11.492,-17.9,-1.71,-20.1,0,0,0,0,0,0,0,0,DCHG, ,
3990.0,1,1,1,1,1,3990.0,-1.56,11.488,-17.9,-1.72,-20.24,0,0,0,0,0,0,0,0,DCHG, ,
4020.0,1,1,1,1,1,4020.0,-1.56,11.483,-17.9,-1.74,-20.39,0,0,0,0,0,0,0,0,DCHG, ,
4050.0,1,1,1,1,1,4050.0,-1.56,11.479,-17.9,-1.75,-20.54,0,0,0,0,0,0,0,0,DCHG, ,
4080.0,1,1,1,1,1,4080.0,-1.56,11.475,-17.9,-1.76,-20.69,0,0,0,0,0,0,0,0,DCHG, ,
4110.0,1,1,1,1,1,4110.0,-1.56,11.471,-17.9,-1.78,-20.84,0,0,0,0,0,0,0,0,DCHG, ,
4140.0,1,1,1,1,1,4140.0,-1.56,11.467,-17.9,-1.79,-20.99,0,0,0,0,0,0,0,0,DCHG, ,
4170.0,1,1,1,1,1,4170.0,-1.56,11.462,-17.8,-1.8,-21.14,0,0,0,0,0,0,0,0,DCHG, ,
4200.0,1,1,1,1,1,4200.0,-1.56,11.458,-17.8,-1.81,-21.29,0,0,0,0,0,0,0,0,DCHG, ,
4230.0,1,1,1,1,1,4230.0,-1.56,11.453,-17.8,-1.83,-21.44,0,0,0,0,0,0,0,0,DCHG, ,
4260.0,1,1,1,1,1,4260.0,-1.56,11.448,-17.8,-1.84,-21.58,0,0,0,0,0,0,0,0,DCHG, ,
4290.0,1,1,1,1,1,4290.0,-1.56,11.444,-17.8,-1.85,-21.73,0,0,0,0,0,0,0,0,DCHG, ,
4320.0,1,1,1,1,1,4320.0,-1.56,11.439,-17.8,-1.87,-21.88,0,0,0,0,0,0,0,0,DCHG, ,
4350.0,1,1,1,1,1,4350.0,-1.56,11.434,-17.8,-1.88,-22.03,0,0,0,0,0,0,0,0,DCHG, ,
4380.0,1,1,1,1,1,4380.0,-1.56,11.43,-17.8,-1.89,-22.18,0,0,0,0,0,0,0,0,DCHG, ,
4410.0,1,1,1,1,1,4410.0,-1.56,11.425,-17.8,-1.91,-22.33,0,0,0,0,0,0,0,0,DCHG, ,
4440.0,1,1,1,1,1,4440.0,-1.56,11.421,-17.8,-1.92,-22.47,0,0,0,0,0,0,0,0,DCHG, ,
4470.0,1,1,1,1,1,4470.0,-1.56,11.416,-17.8,-1.93,-22.62,0,0,0,0,0,0,0,0,DCHG, ,
4500.0,1,1,1,1,1,4500.0,-1.56,11.412,-17.8,-1.94,-22.77,0,0,0,0,0,0,0,0,DCHG, ,
4530.0,1,1,1,1,1,4530.0,-1.56,11.407,-17.7,-1.96,-22.92,0,0,0,0,0,0,0,0,DCHG, ,
4560.0,1,1,1,1,1,4560.0,-1.56,11.402,-17.8,-1.97,-23.07,0,0,0,0,0,0,0,0,DCHG, ,
4590.0,1,1,1,1,1,4590.0,-1.56,11.397,-17.7,-1.98,-23.21,0,0,0,0,0,0,0,0,DCHG, ,
4620.0,1,1,1,1,1,4620.0,-1.56,11.393,-17.7,-2,-23.36,0,0,0,0,0,0,0,0,DCHG, ,
4650.0,1,1,1,1,1,4650.0,-1.56,11.388,-17.7,-2.01,-23.51,0,0,0,0,0,0,0,0,DCHG, ,
4680.0,1,1,1,1,1,4680.0,-1.56,11.383,-17.7,-2.02,-23.66,0,0,0,0,0,0,0,0,DCHG, ,
4710.0,1,1,1,1,1,4710.0,-1.56,11.378,-17.7,-2.04,-23.8,0,0,0,0,0,0,0,0,DCHG, ,
4740.0,1,1,1,1,1,4740.0,-1.56,11.373,-17.7,-2.05,-23.95,0,0,0,0,0,0,0,0,DCHG, ,
4770.0,1,1,1,1,1,4770.0,-1.56,11.368,-17.7,-2.06,-24.1,0,0,0,0,0,0,0,0,DCHG, ,
4800.0,1,1,1,1,1,4800.0,-1.56,11.363,-17.7,-2.07,-24.25,0,0,0,0,0,0,0,0,DCHG, ,
4830.0,1,1,1,1,1,4830.0,-1.56,11.357,-17.7,-2.09,-24.39,0,0,0,0,0,0,0,0,DCHG, ,
4860.0,1,1,1,1,1,4860.0,-1.56,11.352,-17.7,-2.1,-24.54,0,0,0,0,0,0,0,0,DCHG, ,
4890.0,1,1,1,1,1,4890.0,-1.56,11.347,-17.7,-2.11,-24.69,0,0,0,0,0,0,0,0,DCHG, ,
4920.0,1,1,1,1,1,4920.0,-1.56,11.342,-17.7,-2.13,-24.84,0,0,0,0,0,0,0,0,DCHG, ,
4950.0,1,1,1,1,1,4950.0,-1.56,11.337,-17.6,-2.14,-24.98,0,0,0,0,0,0,0,0,DCHG, ,
4980.0,1,1,1,1,1,4980.0,-1.56,11.331,-17.6,-2.15,-25.13,0,0,0,0,0,0,0,0,DCHG, ,
5010.0,1,1,1,1,1,5010.0,-1.56,11.326,-17.6,-2.17,-25.28,0,0,0,0,0,0,0,0,DCHG, ,
5040.0,1,1,1,1,1,5040.0,-1.56,11.321,-17.6,-2.18,-25.42,0,0,0,0,0,0,0,0,DCHG, ,
5070.0,1,1,1,1,1,5070.0,-1.56,11.315,-17.6,-2.19,-25.57,0,0,0,0,0,0,0,0,DCHG, ,
5100.0,1,1,1,1,1,5100.0,-1.56,11.31,-17.6,-2.2,-25.72,0,0,0,0,0,0,0,0,DCHG, ,
5130.0,1,1,1,1,1,5130.0,-1.56,11.304,-17.6,-2.22,-25.86,0,0,0,0,0,0,0,0,DCHG, ,
5160.0,1,1,1,1,1,5160.0,-1.56,11.299,-17.6,-2.23,-26.01,0,0,0,0,0,0,0,0,DCHG, ,
5190.0,1,1,1,1,1,5190.0,-1.56,11.293,-17.6,-2.24,-26.16,0,0,0,0,0,0,0,0,DCHG, ,
5220.0,1,1,1,1,1,5220.0,-1.56,11.287,-17.6,-2.26,-26.3,0,0,0,0,0,0,0,0,DCHG, ,
5250.0,1,1,1,1,1,5250.0,-1.56,11.281,-17.6,-2.27,-26.45,0,0,0,0,0,0,0,0,DCHG, ,
5280.0,1,1,1,1,1,5280.0,-1.56,11.276,-17.6,-2.28,-26.6,0,0,0,0,0,0,0,0,DCHG, ,
5310.0,1,1,1,1,1,5310.0,-1.56,11.27,-17.5,-2.3,-26.74,0,0,0,0,0,0,0,0,DCHG, ,
5340.0,1,1,1,1,1,5340.0,-1.56,11.264,-17.5,-2.31,-26.89,0,0,0,0,0,0,0,0,DCHG, ,
5370.0,1,1,1,1,1,5370.0,-1.56,11.259,-17.5,-2.32,-27.04,0,0,0,0,0,0,0,0,DCHG, ,
5400.0,1,1,1,1,1,5400.0,-1.56,11.252,-17.5,-2.33,-27.18,0,0,0,0,0,0,0,0,DCHG, ,
5430.0,1,1,1,1,1,5430.0,-1.56,11.246,-17.5,-2.35,-27.33,0,0,0,0,0,0,0,0,DCHG, ,
5460.0,1,1,1,1,1,5460.0,-1.56,11.239,-17.5,-2.36,-27.47,0,0,0,0,0,0,0,0,DCHG, ,
5490.0,1,1,1,1,1,5490.0,-1.56,11.233,-17.5,-2.37,-27.62,0,0,0,0,0,0,0,0,DCHG, ,
5520.0,1,1,1,1,1,5520.0,-1.56,11.227,-17.5,-2.39,-27.76,0,0,0,0,0,0,0,0,DCHG, ,
5550.0,1,1,1,1,1,5550.0,-1.56,11.22,-17.5,-2.4,-27.91,0,0,0,0,0,0,0,0,DCHG, ,
5580.0,1,1,1,1,1,5580.0,-1.56,11.213,-17.5,-2.41,-28.06,0,0,0,0,0,0,0,0,DCHG, ,
5610.0,1,1,1,1,1,5610.0,-1.56,11.207,-17.4,-2.43,-28.2,0,0,0,0,0,0,0,0,DCHG, ,
5640.0,1,1,1,1,1,5640.0,-1.56,11.2,-17.4,-2.44,-28.35,0,0,0,0,0,0,0,0,DCHG, ,
5670.0,1,1,1,1,1,5670.0,-1.56,11.193,-17.4,-2.45,-28.49,0,0,0,0,0,0,0,0,DCHG, ,
5700.0,1,1,1,1,1,5700.0,-1.56,11.186,-17.4,-2.46,-28.64,0,0,0,0,0,0,0,0,DCHG, ,
5730.0,1,1,1,1,1,5730.0,-1.56,11.179,-17.4,-2.48,-28.78,0,0,0,0,0,0,0,0,DCHG, ,
5760.0,1,1,1,1,1,5760.0,-1.56,11.172,-17.4,-2.49,-28.93,0,0,0,0,0,0,0,0,DCHG, ,
5790.0,1,1,1,1,1,5790.0,-1.56,11.164,-17.4,-2.5,-29.07,0,0,0,0,0,0,0,0,DCHG, ,
5820.0,1,1,1,1,1,5820.0,-1.56,11.157,-17.4,-2.52,-29.22,0,0,0,0,0,0,0,0,DCHG, ,
5850.0,1,1,1,1,1,5850.0,-1.56,11.149,-17.4,-2.53,-29.36,0,0,0,0,0,0,0,0,DCHG, ,
5880.0,1,1,1,1,1,5880.0,-1.56,11.142,-17.3,-2.54,-29.51,0,0,0,0,0,0,0,0,DCHG, ,
5910.0,1,1,1,1,1,5910.0,-1.56,11.134,-17.3,-2.56,-29.65,0,0,0,0,0,0,0,0,DCHG, ,
5940.0,1,1,1,1,1,5940.0,-1.56,11.127,-17.3,-2.57,-29.79,0,0,0,0,0,0,0,0,DCHG, ,
5970.0,1,1,1,1,1,5970.0,-1.56,11.118,-17.3,-2.58,-29.94,0,0,0,0,0,0,0,0,DCHG, ,
6000.0,1,1,1,1,1,6000.0,-1.56,11.11,-17.3,-2.59,-30.08,0,0,0,0,0,0,0,0,DCHG, ,
6030.0,1,1,1,1,1,6030.0,-1.56,11.102,-17.3,-2.61,-30.23,0,0,0,0,0,0,0,0,DCHG, ,
6060.0,1,1,1,1,1,6060.0,-1.56,11.094,-17.3,-2.62,-30.37,0,0,0,0,0,0,0,0,DCHG, ,
6090.0,1,1,1,1,1,6090.0,-1.56,11.085,-17.3,-2.63,-30.52,0,0,0,0,0,0,0,0,DCHG, ,
6120.0,1,1,1,1,1,6120.0,-1.56,11.076,-17.2,-2.65,-30.66,0,0,0,0,0,0,0,0,DCHG, ,
6150.0,1,1,1,1,1,6150.0,-1.56,11.067,-17.2,-2.66,-30.8,0,0,0,0,0,0,0,0,DCHG, ,
6180.0,1,1,1,1,1,6180.0,-1.56,11.058,-17.2,-2.67,-30.95,0,0,0,0,0,0,0,0,DCHG, ,
6210.0,1,1,1,1,1,6210.0,-1.56,11.049,-17.2,-2.69,-31.09,0,0,0,0,0,0,0,0,DCHG, ,
6240.0,1,1,1,1,1,6240.0,-1.56,11.039,-17.2,-2.7,-31.23,0,0,0,0,0,0,0,0,DCHG, ,
6270.0,1,1,1,1,1,6270.0,-1.56,11.029,-17.2,-2.71,-31.38,0,0,0,0,0,0,0,0,DCHG, ,
6300.0,1,1,1,1,1,6300.0,-1.56,11.019,-17.2,-2.72,-31.52,0,0,0,0,0,0,0,0,DCHG, ,
6330.0,1,1,1,1,1,6330.0,-1.56,11.009,-17.1,-2.74,-31.66,0,0,0,0,0,0,0,0,DCHG, ,
6360.0,1,1,1,1,1,6360.0,-1.56,10.999,-17.1,-2.75,-31.8,0,0,0,0,0,0,0,0,DCHG, ,
6390.0,1,1,1,1,1,6390.0,-1.56,10.988,-17.1,-2.76,-31.95,0,0,0,0,0,0,0,0,DCHG, ,
6420.0,1,1,1,1,1,6420.0,-1.56,10.976,-17.1,-2.78,-32.09,0,0,0,0,0,0,0,0,DCHG, ,
6450.0,1,1,1,1,1,6450.0,-1.56,10.965,-17.1,-2.79,-32.23,0,0,0,0,0,0,0,0,DCHG, ,
6480.0,1,1,1,1,1,6480.0,-1.56,10.953,-17,-2.8,-32.37,0,0,0,0,0,0,0,0,DCHG, ,
6510.0,1,1,1,1,1,6510.0,-1.56,10.941,-17,-2.82,-32.52,0,0,0,0,0,0,0,0,DCHG, ,
6540.0,1,1,1,1,1,6540.0,-1.56,10.928,-17,-2.83,-32.66,0,0,0,0,0,0,0,0,DCHG, ,
6570.0,1,1,1,1,1,6570.0,-1.56,10.915,-17,-2.84,-32.8,0,0,0,0,0,0,0,0,DCHG, ,
6600.0,1,1,1,1,1,6600.0,-1.56,10.902,-17,-2.85,-32.94,0,0,0,0,0,0,0,0,DCHG, ,
6630.0,1,1,1,1,1,6630.0,-1.56,10.889,-16.9,-2.87,-33.08,0,0,0,0,0,0,0,0,DCHG, ,
6660.0,1,1,1,1,1,6660.0,-1.56,10.874,-16.9,-2.88,-33.22,0,0,0,0,0,0,0,0,DCHG, ,
6690.0,1,1,1,1,1,6690.0,-1.56,10.86,-16.9,-2.89,-33.36,0,0,0,0,0,0,0,0,DCHG, ,
6720.0,1,1,1,1,1,6720.0,-1.56,10.845,-16.9,-2.91,-33.5,0,0,0,0,0,0,0,0,DCHG, ,
6750.0,1,1,1,1,1,6750.0,-1.56,10.829,-16.9,-2.92,-33.65,0,0,0,0,0,0,0,0,DCHG, ,
6780.0,1,1,1,1,1,6780.0,-1.56,10.813,-16.8,-2.93,-33.79,0,0,0,0,0,0,0,0,DCHG, ,
6810.0,1,1,1,1,1,6810.0,-1.56,10.796,-16.8,-2.95,-33.93,0,0,0,0,0,0,0,0,DCHG, ,
6840.0,1,1,1,1,1,6840.0,-1.56,10.777,-16.8,-2.96,-34.07,0,0,0,0,0,0,0,0,DCHG, ,
6870.0,1,1,1,1,1,6870.0,-1.56,10.759,-16.7,-2.97,-34.21,0,0,0,0,0,0,0,0,DCHG, ,
6900.0,1,1,1,1,1,6900.0,-1.56,10.74,-16.7,-2.98,-34.34,0,0,0,0,0,0,0,0,DCHG, ,
6930.0,1,1,1,1,1,6930.0,-1.56,10.719,-16.7,-3,-34.48,0,0,0,0,0,0,0,0,DCHG, ,
6960.0,1,1,1,1,1,6960.0,-1.56,10.697,-16.6,-3.01,-34.62,0,0,0,0,0,0,0,0,DCHG, ,
6990.0,1,1,1,1,1,6990.0,-1.56,10.673,-16.6,-3.02,-34.76,0,0,0,0,0,0,0,0,DCHG, ,
7020.0,1,1,1,1,1,7020.0,-1.56,10.648,-16.6,-3.04,-34.9,0,0,0,0,0,0,0,0,DCHG, ,
7050.0,1,1,1,1,1,7050.0,-1.56,10.622,-16.5,-3.05,-35.04,0,0,0,0,0,0,0,0,DCHG, ,
7080.0,1,1,1,1,1,7080.0,-1.56,10.593,-16.5,-3.06,-35.17,0,0,0,0,0,0,0,0,DCHG, ,
7110.0,1,1,1,1,1,7110.0,-1.56,10.563,-16.4,-3.08,-35.31,0,0,0,0,0,0,0,0,DCHG, ,
7140.0,1,1,1,1,1,7140.0,-1.56,10.53,-16.4,-3.09,-35.45,0,0,0,0,0,0,0,0,DCHG, ,
7164.1,1,1,1,1,1,7164.1,-1.56,10.5,-16.3,-3.1,-35.56,0,0,0,0,0,0,0,0,DCHG,S,
7194.1,1,1,1,1,2,30.0,0,10.891,0,0,0,0,0,0,0,0,0,0,0,REST, ,
7224.1,1,1,1,1,2,60.0,0,10.925,0,0,0,0,0,0,0,0,0,0,0,REST, ,
7254.1,1,1,1,1,2,90.0,0,10.948,0,0,0,0,0,0,0,0,0,0,0,REST, ,
7284.1,1,1,1,1,2,120.0,0,10.967,0,0,0,0,0,0,0,0,0,0,0,REST, ,
7314.1,1,1,1,1,2,150.0,0,10.982,0,0,0,0,0,0,0,0,0,0,0,REST, ,
7344.1,1,1,1,1,2,180.0,0,10.996,0,0,0,0,0,0,0,0,0,0,0,REST, ,
7374.1,1,1,1,1,2,210.0,-0.01,11.008,0,0,0,0,0,0,0,0,0,0,0,REST, ,
7404.1,1,1,1,1,2,240.0,0,11.018,0,0,0,0,0,0,0,0,0,0,0,REST, ,
7434.1,1,1,1,1,2,270.0,0,11.028,0,0,0,0,0,0,0,0,0,0,0,REST, ,
7464.1,1,1,1,1,2,300.0,0,11.036,0,0,0,0,0,0,0,0,0,0,0,REST, ,
7494.1,1,1,1,1,2,330.0,0,11.045,0,0,0,0,0,0,0,0,0,0,0,REST, ,
7524.1,1,1,1,1,2,360.0,0,11.052,0,0,0,0,0,0,0,0,0,0,0,REST, ,
7554.1,1,1,1,1,2,390.0,0,11.059,0,0,0,0,0,0,0,0,0,0,0,REST, ,
7584.1,1,1,1,1,2,420.0,0,11.065,0,0,0,0,0,0,0,0,0,0,0,REST, ,
7614.1,1,1,1,1,2,450.0,0,11.071,0,0,0,0,0,0,0,0,0,0,0,REST, ,
7644.1,1,1,1,1,2,480.0,0,11.077,0,0,0,0,0,0,0,0,0,0,0,REST, ,
7674.1,1,1,1,1,2,510.0,0,11.082,0,0,0,0,0,0,0,0,0,0,0,REST, ,
7704.1,1,1,1,1,2,540.0,0,11.087,0,0,0,0,0,0,0,0,0,0,0,REST, ,
7734.1,1,1,1,1,2,570.0,0,11.091,0,0,0,0,0,0,0,0,0,0,0,REST, ,
7764.1,1,1,1,1,2,600.0,0,11.095,0,0,0,0,0,0,0,0,0,0,0,REST, ,
7794.1,1,1,1,1,2,630.0,-0.01,11.1,0,0,0,0,0,0,0,0,0,0,0,REST, ,
7824.1,1,1,1,1,2,660.0,0,11.104,0,0,0,0,0,0,0,0,0,0,0,REST, ,
7854.1,1,1,1,1,2,690.0,0,11.108,0,0,0,0,0,0,0,0,0,0,0,REST, ,
7884.1,1,1,1,1,2,720.0,0,11.111,0,0,0,0,0,0,0,0,0,0,0,REST, ,
7914.1,1,1,1,1,2,750.0,-0.01,11.115,0,0,0,0,0,0,0,0,0,0,0,REST, ,
7944.1,1,1,1,1,2,780.0,0,11.118,0,0,0,0,0,0,0,0,0,0,0,REST, ,
7974.1,1,1,1,1,2,810.0,-0.01,11.121,0,0,0,0,0,0,0,0,0,0,0,REST, ,
8004.1,1,1,1,1,2,840.0,0,11.124,0,0,0,0,0,0,0,0,0,0,0,REST, ,
8034.1,1,1,1,1,2,870.0,0,11.127,0,0,0,0,0,0,0,0,0,0,0,REST, ,
8064.1,1,1,1,1,2,900.0,0,11.13,0,0,0,0,0,0,0,0,0,0,0,REST, ,
8094.1,1,1,1,1,2,930.0,0,11.133,0,0,0,0,0,0,0,0,0,0,0,REST, ,
8124.1,1,1,1,1,2,960.0,0,11.136,0,0,0,0,0,0,0,0,0,0,0,REST, ,
8154.1,1,1,1,1,2,990.0,0,11.138,0,0,0,0,0,0,0,0,0,0,0,REST, ,
8184.1,1,1,1,1,2,1020.0,0,11.14,0,0,0,0,0,0,0,0,0,0,0,REST, ,
8214.1,1,1,1,1,2,1050.0,0,11.143,0,0,0,0,0,0,0,0,0,0,0,REST, ,
8244.1,1,1,1,1,2,1080.0,0,11.145,0,0,0,0,0,0,0,0,0,0,0,REST, ,
8274.1,1,1,1,1,2,1110.0,0,11.147,0,0,0,0,0,0,0,0,0,0,0,REST, ,
8304.1,1,1,1,1,2,1140.0,0,11.149,0,0,0,0,0,0,0,0,0,0,0,REST, ,
8334.1,1,1,1,1,2,1170.0,0,11.152,0,0,0,0,0,0,0,0,0,0,0,REST, ,
8364.1,1,1,1,1,2,1200.0,0,11.154,0,0,0,0,0,0,0,0,0,0,0,REST, ,
8394.1,1,1,1,1,2,1230.0,0,11.156,0,0,0,0,0,0,0,0,0,0,0,REST, ,
8424.1,1,1,1,1,2,1260.0,0,11.158,0,0,0,0,0,0,0,0,0,0,0,REST, ,
8454.1,1,1,1,1,2,1290.0,0,11.16,0,0,0,0,0,0,0,0,0,0,0,REST, ,
8484.1,1,1,1,1,2,1320.0,0,11.161,0,0,0,0,0,0,0,0,0,0,0,REST, ,
8514.1,1,1,1,1,2,1350.0,0,11.162,0,0,0,0,0,0,0,0,0,0,0,REST, ,
8544.1,1,1,1,1,2,1380.0,0,11.163,0,0,0,0,0,0,0,0,0,0,0,REST, ,
8574.1,1,1,1,1,2,1410.0,0,11.165,0,0,0,0,0,0,0,0,0,0,0,REST, ,
8604.1,1,1,1,1,2,1440.0,0,11.166,0,0,0,0,0,0,0,0,0,0,0,REST, ,
8634.1,1,1,1,1,2,1470.0,0,11.168,0,0,0,0,0,0,0,0,0,0,0,REST, ,
8664.1,1,1,1,1,2,1500.0,0,11.169,0,0,0,0,0,0,0,0,0,0,0,REST, ,
8694.1,1,1,1,1,2,1530.0,0,11.17,0,0,0,0,0,0,0,0,0,0,0,REST, ,
8724.1,1,1,1,1,2,1560.0,0,11.171,0,0,0,0,0,0,0,0,0,0,0,REST, ,
8754.1,1,1,1,1,2,1590.0,0,11.173,0,0,0,0,0,0,0,0,0,0,0,REST, ,
8784.1,1,1,1,1,2,1620.0,0,11.174,0,0,0,0,0,0,0,0,0,0,0,REST, ,
8814.1,1,1,1,1,2,1650.0,0,11.176,0,0,0,0,0,0,0,0,0,0,0,REST, ,
8844.1,1,1,1,1,2,1680.0,0,11.177,0,0,0,0,0,0,0,0,0,0,0,REST, ,
8874.1,1,1,1,1,2,1710.0,0,11.179,0,0,0,0,0,0,0,0,0,0,0,REST, ,
8904.1,1,1,1,1,2,1740.0,0,11.18,0,0,0,0,0,0,0,0,0,0,0,REST, ,
8934.1,1,1,1,1,2,1770.0,0,11.181,0,0,0,0,0,0,0,0,0,0,0,REST, ,
8964.1,1,1,1,1,2,1800.0,0,11.183,0,0,0,0,0,0,0,0,0,0,0,REST,S,
9024.1,1,1,1,1,3,60.0,1.99,11.617,23.1,0.03,0.38,0,0,0,0,0,0,0,0,CHRG, ,
9084.1,1,1,1,1,3,120.0,1.99,11.685,23.2,0.06,0.76,0,0,0,0,0,0,0,0,CHRG, ,
9144.1,1,1,1,1,3,180.0,1.99,11.731,23.3,0.09,1.15,0,0,0,0,0,0,0,0,CHRG, ,
9204.1,1,1,1,1,3,240.0,1.99,11.767,23.4,0.13,1.54,0,0,0,0,0,0,0,0,CHRG, ,
9264.1,1,1,1,1,3,300.0,1.99,11.798,23.4,0.16,1.93,0,0,0,0,0,0,0,0,CHRG, ,
9324.1,1,1,1,1,3,360.0,1.99,11.826,23.5,0.19,2.32,0,0,0,0,0,0,0,0,CHRG, ,
9384.1,1,1,1,1,3,420.0,1.99,11.852,23.6,0.23,2.71,0,0,0,0,0,0,0,0,CHRG, ,
9444.1,1,1,1,1,3,480.0,1.99,11.876,23.6,0.26,3.11,0,0,0,0,0,0,0,0,CHRG, ,
9504.1,1,1,1,1,3,540.0,1.99,11.899,23.6,0.29,3.5,0,0,0,0,0,0,0,0,CHRG, ,
9564.1,1,1,1,1,3,600.0,1.99,11.921,23.7,0.33,3.9,0,0,0,0,0,0,0,0,CHRG, ,
9624.1,1,1,1,1,3,660.0,1.99,11.943,23.7,0.36,4.29,0,0,0,0,0,0,0,0,CHRG, ,
9684.1,1,1,1,1,3,720.0,1.99,11.963,23.8,0.39,4.69,0,0,0,0,0,0,0,0,CHRG, ,
9744.1,1,1,1,1,3,780.0,1.99,11.984,23.8,0.43,5.08,0,0,0,0,0,0,0,0,CHRG, ,
9804.1,1,1,1,1,3,840.0,1.99,12.003,23.9,0.46,5.48,0,0,0,0,0,0,0,0,CHRG, ,
9864.1,1,1,1,1,3,900.0,1.99,12.022,23.9,0.49,5.88,0,0,0,0,0,0,0,0,CHRG, ,
9924.1,1,1,1,1,3,960.0,1.99,12.041,23.9,0.53,6.28,0,0,0,0,0,0,0,0,CHRG, ,
9984.1,1,1,1,1,3,1020.0,1.99,12.059,24,0.56,6.68,0,0,0,0,0,0,0,0,CHRG, ,
10044.1,1,1,1,1,3,1080.0,1.99,12.077,24,0.59,7.08,0,0,0,0,0,0,0,0,CHRG, ,
10104.1,1,1,1,1,3,1140.0,1.99,12.095,24,0.63,7.48,0,0,0,0,0,0,0,0,CHRG, ,
10164.1,1,1,1,1,3,1200.0,1.99,12.112,24.1,0.66,7.88,0,0,0,0,0,0,0,0,CHRG, ,
10224.1,1,1,1,1,3,1260.0,1.99,12.129,24.1,0.69,8.28,0,0,0,0,0,0,0,0,CHRG, ,
10284.1,1,1,1,1,3,1320.0,1.99,12.147,24.1,0.72,8.68,0,0,0,0,0,0,0,0,CHRG, ,
10344.1,1,1,1,1,3,1380.0,1.99,12.163,24.2,0.76,9.08,0,0,0,0,0,0,0,0,CHRG, ,
10404.1,1,1,1,1,3,1440.0,1.99,12.18,24.2,0.79,9.49,0,0,0,0,0,0,0,0,CHRG, ,
10464.1,1,1,1,1,3,1500.0,1.99,12.196,24.2,0.82,9.89,0,0,0,0,0,0,0,0,CHRG, ,
10524.1,1,1,1,1,3,1560.0,1.99,12.212,24.3,0.86,10.29,0,0,0,0,0,0,0,0,CHRG, ,
10584.1,1,1,1,1,3,1620.0,1.99,12.228,24.3,0.89,10.7,0,0,0,0,0,0,0,0,CHRG, ,
10644.1,1,1,1,1,3,1680.0,1.99,12.244,24.3,0.92,11.1,0,0,0,0,0,0,0,0,CHRG, ,
10704.1,1,1,1,1,3,1740.0,1.99,12.259,24.4,0.96,11.51,0,0,0,0,0,0,0,0,CHRG, ,
10764.1,1,1,1,1,3,1800.0,1.99,12.274,24.4,0.99,11.92,0,0,0,0,0,0,0,0,CHRG, ,
10824.1,1,1,1,1,3,1860.0,1.99,12.289,24.4,1.02,12.32,0,0,0,0,0,0,0,0,CHRG, ,
10884.1,1,1,1,1,3,1920.0,1.99,12.303,24.5,1.06,12.73,0,0,0,0,0,0,0,0,CHRG, ,
10944.1,1,1,1,1,3,1980.0,1.99,12.318,24.5,1.09,13.14,0,0,0,0,0,0,0,0,CHRG, ,
11004.1,1,1,1,1,3,2040.0,1.99,12.332,24.5,1.12,13.55,0,0,0,0,0,0,0,0,CHRG, ,
11064.1,1,1,1,1,3,2100.0,1.99,12.347,24.5,1.16,13.96,0,0,0,0,0,0,0,0,CHRG, ,
11124.1,1,1,1,1,3,2160.0,1.99,12.36,24.6,1.19,14.37,0,0,0,0,0,0,0,0,CHRG, ,
11184.1,1,1,1,1,3,2220.0,1.99,12.374,24.6,1.22,14.78,0,0,0,0,0,0,0,0,CHRG, ,
11244.1,1,1,1,1,3,2280.0,1.99,12.388,24.6,1.26,15.19,0,0,0,0,0,0,0,0,CHRG, ,
11304.1,1,1,1,1,3,2340.0,1.99,12.401,24.7,1.29,15.6,0,0,0,0,0,0,0,0,CHRG, ,
11364.1,1,1,1,1,3,2400.0,1.99,12.415,24.7,1.32,16.01,0,0,0,0,0,0,0,0,CHRG, ,
11424.1,1,1,1,1,3,2460.0,1.99,12.428,24.7,1.35,16.42,0,0,0,0,0,0,0,0,CHRG, ,
11484.1,1,1,1,1,3,2520.0,1.99,12.441,24.7,1.39,16.83,0,0,0,0,0,0,0,0,CHRG, ,
11544.1,1,1,1,1,3,2580.0,1.99,12.454,24.8,1.42,17.24,0,0,0,0,0,0,0,0,CHRG, ,
11604.1,1,1,1,1,3,2640.0,1.99,12.467,24.8,1.45,17.66,0,0,0,0,0,0,0,0,CHRG, ,
11664.1,1,1,1,1,3,2700.0,1.99,12.479,24.8,1.49,18.07,0,0,0,0,0,0,0,0,CHRG, ,
11724.1,1,1,1,1,3,2760.0,1.99,12.492,24.8,1.52,18.48,0,0,0,0,0,0,0,0,CHRG, ,
11784.1,1,1,1,1,3,2820.0,1.99,12.504,24.8,1.55,18.9,0,0,0,0,0,0,0,0,CHRG, ,
11844.1,1,1,1,1,3,2880.0,1.99,12.517,24.9,1.59,19.31,0,0,0,0,0,0,0,0,CHRG, ,
11904.1,1,1,1,1,3,2940.0,1.99,12.53,24.9,1.62,19.73,0,0,0,0,0,0,0,0,CHRG, ,
11964.1,1,1,1,1,3,3000.0,1.99,12.542,24.9,1.65,20.14,0,0,0,0,0,0,0,0,CHRG, ,
12024.1,1,1,1,1,3,3060.0,1.99,12.554,25,1.69,20.56,0,0,0,0,0,0,0,0,CHRG, ,
12084.1,1,1,1,1,3,3120.0,1.99,12.566,25,1.72,20.97,0,0,0,0,0,0,0,0,CHRG, ,
12144.1,1,1,1,1,3,3180.0,1.99,12.578,25,1.75,21.39,0,0,0,0,0,0,0,0,CHRG, ,
12204.1,1,1,1,1,3,3240.0,1.99,12.589,25,1.79,21.81,0,0,0,0,0,0,0,0,CHRG, ,
12264.1,1,1,1,1,3,3300.0,1.99,12.601,25.1,1.82,22.22,0,0,0,0,0,0,0,0,CHRG, ,
12324.1,1,1,1,1,3,3360.0,1.99,12.613,25.1,1.85,22.64,0,0,0,0,0,0,0,0,CHRG, ,
12384.1,1,1,1,1,3,3420.0,1.99,12.624,25.1,1.89,23.06,0,0,0,0,0,0,0,0,CHRG, ,
12444.1,1,1,1,1,3,3480.0,1.99,12.636,25.1,1.92,23.48,0,0,0,0,0,0,0,0,CHRG, ,
12504.1,1,1,1,1,3,3540.0,1.99,12.647,25.1,1.95,23.9,0,0,0,0,0,0,0,0,CHRG, ,
12564.1,1,1,1,1,3,3600.0,1.99,12.658,25.2,1.98,24.32,0,0,0,0,0,0,0,0,CHRG, ,
12624.1,1,1,1,1,3,3660.0,1.99,12.669,25.2,2.02,24.74,0,0,0,0,0,0,0,0,CHRG, ,
12684.1,1,1,1,1,3,3720.0,1.99,12.68,25.2,2.05,25.16,0,0,0,0,0,0,0,0,CHRG, ,
12744.1,1,1,1,1,3,3780.0,1.99,12.691,25.2,2.08,25.58,0,0,0,0,0,0,0,0,CHRG, ,
12804.1,1,1,1,1,3,3840.0,1.99,12.702,25.3,2.12,26,0,0,0,0,0,0,0,0,CHRG, ,
12864.1,1,1,1,1,3,3900.0,1.99,12.713,25.3,2.15,26.42,0,0,0,0,0,0,0,0,CHRG, ,
12924.1,1,1,1,1,3,3960.0,1.99,12.724,25.3,2.18,26.84,0,0,0,0,0,0,0,0,CHRG, ,
12984.1,1,1,1,1,3,4020.0,1.99,12.735,25.3,2.22,27.26,0,0,0,0,0,0,0,0,CHRG, ,
13044.1,1,1,1,1,3,4080.0,1.99,12.745,25.3,2.25,27.68,0,0,0,0,0,0,0,0,CHRG, ,
13104.1,1,1,1,1,3,4140.0,1.99,12.757,25.4,2.28,28.11,0,0,0,0,0,0,0,0,CHRG, ,
13164.1,1,1,1,1,3,4200.0,1.99,12.767,25.4,2.32,28.53,0,0,0,0,0,0,0,0,CHRG, ,
13224.1,1,1,1,1,3,4260.0,1.99,12.778,25.4,2.35,28.95,0,0,0,0,0,0,0,0,CHRG, ,
13284.1,1,1,1,1,3,4320.0,1.99,12.789,25.4,2.38,29.38,0,0,0,0,0,0,0,0,CHRG, ,
13344.1,1,1,1,1,3,4380.0,1.99,12.8,25.5,2.42,29.8,0,0,0,0,0,0,0,0,CHRG, ,
13404.1,1,1,1,1,3,4440.0,1.99,12.81,25.5,2.45,30.22,0,0,0,0,0,0,0,0,CHRG, ,
13464.1,1,1,1,1,3,4500.0,1.99,12.821,25.5,2.48,30.65,0,0,0,0,0,0,0,0,CHRG, ,
13524.1,1,1,1,1,3,4560.0,1.99,12.832,25.5,2.52,31.07,0,0,0,0,0,0,0,0,CHRG, ,
13584.1,1,1,1,1,3,4620.0,1.99,12.843,25.5,2.55,31.5,0,0,0,0,0,0,0,0,CHRG, ,
13644.1,1,1,1,1,3,4680.0,1.99,12.854,25.6,2.58,31.92,0,0,0,0,0,0,0,0,CHRG, ,
13704.1,1,1,1,1,3,4740.0,1.99,12.864,25.6,2.62,32.35,0,0,0,0,0,0,0,0,CHRG, ,
13764.1,1,1,1,1,3,4800.0,1.99,12.875,25.6,2.65,32.78,0,0,0,0,0,0,0,0,CHRG, ,
13824.1,1,1,1,1,3,4860.0,1.99,12.885,25.6,2.68,33.2,0,0,0,0,0,0,0,0,CHRG, ,
Total Number of Data Lines in the Database: 0000000380