Test Name, UCT003-DOD-C06-S00
Test Date, 2025/02/12 04:33:53 PM
Operator ID, Uyilo
, 
Program Name, UCT003 5h-2.00A-14.4V Full Discharge Test
Program Description, 
Program Database, C:\VisuaLCN\Programs\Standard tests.mdb
, 
Module Type, fj
Module Description, LCV 16-100-12
Address, Port: 1, Sys Controller: 1  Circuit: 10
Name, Channel 10
Device ID, Unknown
, 
Notes,   5.21b, MDB 9.542025/02/12 04:33:46 PM - Started by Masa
Editable Notes, 

Total Time,Cycle,Loop Counter #1,Loop Counter #2,Loop Counter #3,Step,Step time,Current,Voltage,Power,Amp-Hours,Watt-Hours,Unassigned A1,Unassigned A2,Mode,Data Acquisition Flag,
30.0,1,1,1,1,1,30.0,-1.57,11.936,-18.7,-0.01,-0.15,0,0,DCHG, ,
60.0,1,1,1,1,1,60.0,-1.57,11.919,-18.6,-0.02,-0.31,0,0,DCHG, ,
90.0,1,1,1,1,1,90.0,-1.57,11.912,-18.6,-0.03,-0.46,0,0,DCHG, ,
120.0,1,1,1,1,1,120.0,-1.57,11.91,-18.6,-0.05,-0.62,0,0,DCHG, ,
150.0,1,1,1,1,1,150.0,-1.56,11.908,-18.5,-0.06,-0.77,0,0,DCHG, ,
180.0,1,1,1,1,1,180.0,-1.57,11.906,-18.6,-0.07,-0.93,0,0,DCHG, ,
210.0,1,1,1,1,1,210.0,-1.57,11.905,-18.6,-0.09,-1.08,0,0,DCHG, ,
240.0,1,1,1,1,1,240.0,-1.56,11.903,-18.5,-0.1,-1.24,0,0,DCHG, ,
270.0,1,1,1,1,1,270.0,-1.57,11.901,-18.6,-0.11,-1.39,0,0,DCHG, ,
300.0,1,1,1,1,1,300.0,-1.57,11.898,-18.6,-0.13,-1.55,0,0,DCHG, ,
330.0,1,1,1,1,1,330.0,-1.57,11.896,-18.6,-0.14,-1.7,0,0,DCHG, ,
360.0,1,1,1,1,1,360.0,-1.57,11.894,-18.6,-0.15,-1.86,0,0,DCHG, ,
390.0,1,1,1,1,1,390.0,-1.57,11.891,-18.6,-0.16,-2.01,0,0,DCHG, ,
420.0,1,1,1,1,1,420.0,-1.56,11.888,-18.5,-0.18,-2.17,0,0,DCHG, ,
450.0,1,1,1,1,1,450.0,-1.57,11.885,-18.6,-0.19,-2.32,0,0,DCHG, ,
480.0,1,1,1,1,1,480.0,-1.57,11.882,-18.6,-0.2,-2.48,0,0,DCHG, ,
510.0,1,1,1,1,1,510.0,-1.57,11.879,-18.6,-0.22,-2.63,0,0,DCHG, ,
540.0,1,1,1,1,1,540.0,-1.57,11.876,-18.6,-0.23,-2.79,0,0,DCHG, ,
570.0,1,1,1,1,1,570.0,-1.57,11.873,-18.6,-0.24,-2.94,0,0,DCHG, ,
600.0,1,1,1,1,1,600.0,-1.57,11.87,-18.6,-0.26,-3.1,0,0,DCHG, ,
630.0,1,1,1,1,1,630.0,-1.57,11.867,-18.6,-0.27,-3.25,0,0,DCHG, ,
660.0,1,1,1,1,1,660.0,-1.57,11.864,-18.6,-0.28,-3.41,0,0,DCHG, ,
690.0,1,1,1,1,1,690.0,-1.57,11.861,-18.6,-0.3,-3.56,0,0,DCHG, ,
720.0,1,1,1,1,1,720.0,-1.57,11.857,-18.5,-0.31,-3.72,0,0,DCHG, ,
750.0,1,1,1,1,1,750.0,-1.57,11.854,-18.5,-0.32,-3.87,0,0,DCHG, ,
780.0,1,1,1,1,1,780.0,-1.57,11.851,-18.6,-0.34,-4.02,0,0,DCHG, ,
810.0,1,1,1,1,1,810.0,-1.57,11.848,-18.5,-0.35,-4.18,0,0,DCHG, ,
840.0,1,1,1,1,1,840.0,-1.57,11.844,-18.5,-0.36,-4.33,0,0,DCHG, ,
870.0,1,1,1,1,1,870.0,-1.57,11.841,-18.5,-0.37,-4.49,0,0,DCHG, ,
900.0,1,1,1,1,1,900.0,-1.57,11.838,-18.5,-0.39,-4.64,0,0,DCHG, ,
930.0,1,1,1,1,1,930.0,-1.57,11.835,-18.5,-0.4,-4.8,0,0,DCHG, ,
960.0,1,1,1,1,1,960.0,-1.57,11.832,-18.5,-0.41,-4.95,0,0,DCHG, ,
990.0,1,1,1,1,1,990.0,-1.57,11.828,-18.5,-0.43,-5.1,0,0,DCHG, ,
1020.0,1,1,1,1,1,1020.0,-1.57,11.825,-18.5,-0.44,-5.26,0,0,DCHG, ,
1050.0,1,1,1,1,1,1050.0,-1.57,11.822,-18.5,-0.45,-5.41,0,0,DCHG, ,
1080.0,1,1,1,1,1,1080.0,-1.57,11.819,-18.5,-0.47,-5.57,0,0,DCHG, ,
1110.0,1,1,1,1,1,1110.0,-1.57,11.815,-18.5,-0.48,-5.72,0,0,DCHG, ,
1140.0,1,1,1,1,1,1140.0,-1.57,11.812,-18.5,-0.49,-5.87,0,0,DCHG, ,
1170.0,1,1,1,1,1,1170.0,-1.57,11.808,-18.5,-0.51,-6.03,0,0,DCHG, ,
1200.0,1,1,1,1,1,1200.0,-1.57,11.805,-18.5,-0.52,-6.18,0,0,DCHG, ,
1230.0,1,1,1,1,1,1230.0,-1.57,11.802,-18.5,-0.53,-6.34,0,0,DCHG, ,
1260.0,1,1,1,1,1,1260.0,-1.56,11.798,-18.4,-0.54,-6.49,0,0,DCHG, ,
1290.0,1,1,1,1,1,1290.0,-1.57,11.795,-18.4,-0.56,-6.64,0,0,DCHG, ,
1320.0,1,1,1,1,1,1320.0,-1.57,11.791,-18.4,-0.57,-6.8,0,0,DCHG, ,
1350.0,1,1,1,1,1,1350.0,-1.57,11.788,-18.4,-0.58,-6.95,0,0,DCHG, ,
1380.0,1,1,1,1,1,1380.0,-1.57,11.784,-18.5,-0.6,-7.11,0,0,DCHG, ,
1410.0,1,1,1,1,1,1410.0,-1.57,11.781,-18.4,-0.61,-7.26,0,0,DCHG, ,
1440.0,1,1,1,1,1,1440.0,-1.57,11.778,-18.4,-0.62,-7.41,0,0,DCHG, ,
1470.0,1,1,1,1,1,1470.0,-1.57,11.775,-18.4,-0.64,-7.57,0,0,DCHG, ,
1500.0,1,1,1,1,1,1500.0,-1.57,11.771,-18.4,-0.65,-7.72,0,0,DCHG, ,
1530.0,1,1,1,1,1,1530.0,-1.57,11.768,-18.4,-0.66,-7.87,0,0,DCHG, ,
1560.0,1,1,1,1,1,1560.0,-1.57,11.764,-18.4,-0.68,-8.02,0,0,DCHG, ,
1590.0,1,1,1,1,1,1590.0,-1.57,11.761,-18.4,-0.69,-8.18,0,0,DCHG, ,
1620.0,1,1,1,1,1,1620.0,-1.57,11.758,-18.4,-0.7,-8.33,0,0,DCHG, ,
1650.0,1,1,1,1,1,1650.0,-1.57,11.754,-18.4,-0.71,-8.48,0,0,DCHG, ,
1680.0,1,1,1,1,1,1680.0,-1.57,11.75,-18.4,-0.73,-8.64,0,0,DCHG, ,
1710.0,1,1,1,1,1,1710.0,-1.57,11.747,-18.4,-0.74,-8.79,0,0,DCHG, ,
1740.0,1,1,1,1,1,1740.0,-1.57,11.743,-18.4,-0.75,-8.94,0,0,DCHG, ,
1770.0,1,1,1,1,1,1770.0,-1.57,11.74,-18.4,-0.77,-9.1,0,0,DCHG, ,
1800.0,1,1,1,1,1,1800.0,-1.57,11.737,-18.4,-0.78,-9.25,0,0,DCHG, ,
1830.0,1,1,1,1,1,1830.0,-1.57,11.733,-18.4,-0.79,-9.4,0,0,DCHG, ,
1860.0,1,1,1,1,1,1860.0,-1.57,11.729,-18.4,-0.81,-9.56,0,0,DCHG, ,
1890.0,1,1,1,1,1,1890.0,-1.57,11.726,-18.3,-0.82,-9.71,0,0,DCHG, ,
1920.0,1,1,1,1,1,1920.0,-1.57,11.722,-18.4,-0.83,-9.86,0,0,DCHG, ,
1950.0,1,1,1,1,1,1950.0,-1.57,11.719,-18.3,-0.85,-10.02,0,0,DCHG, ,
1980.0,1,1,1,1,1,1980.0,-1.57,11.715,-18.3,-0.86,-10.17,0,0,DCHG, ,
2010.0,1,1,1,1,1,2010.0,-1.57,11.712,-18.3,-0.87,-10.32,0,0,DCHG, ,
2040.0,1,1,1,1,1,2040.0,-1.57,11.708,-18.3,-0.88,-10.47,0,0,DCHG, ,
2070.0,1,1,1,1,1,2070.0,-1.57,11.704,-18.3,-0.9,-10.63,0,0,DCHG, ,
2100.0,1,1,1,1,1,2100.0,-1.57,11.701,-18.3,-0.91,-10.78,0,0,DCHG, ,
2130.0,1,1,1,1,1,2130.0,-1.57,11.698,-18.3,-0.92,-10.93,0,0,DCHG, ,
2160.0,1,1,1,1,1,2160.0,-1.57,11.694,-18.3,-0.94,-11.08,0,0,DCHG, ,
2190.0,1,1,1,1,1,2190.0,-1.57,11.69,-18.3,-0.95,-11.24,0,0,DCHG, ,
2220.0,1,1,1,1,1,2220.0,-1.56,11.686,-18.2,-0.96,-11.39,0,0,DCHG, ,
2250.0,1,1,1,1,1,2250.0,-1.57,11.683,-18.3,-0.98,-11.54,0,0,DCHG, ,
2280.0,1,1,1,1,1,2280.0,-1.57,11.679,-18.3,-0.99,-11.69,0,0,DCHG, ,
2310.0,1,1,1,1,1,2310.0,-1.57,11.676,-18.3,-1,-11.85,0,0,DCHG, ,
2340.0,1,1,1,1,1,2340.0,-1.57,11.672,-18.3,-1.02,-12,0,0,DCHG, ,
2370.0,1,1,1,1,1,2370.0,-1.57,11.668,-18.3,-1.03,-12.15,0,0,DCHG, ,
2400.0,1,1,1,1,1,2400.0,-1.56,11.664,-18.2,-1.04,-12.3,0,0,DCHG, ,
2430.0,1,1,1,1,1,2430.0,-1.57,11.661,-18.3,-1.05,-12.45,0,0,DCHG, ,
2460.0,1,1,1,1,1,2460.0,-1.57,11.657,-18.2,-1.07,-12.61,0,0,DCHG, ,
2490.0,1,1,1,1,1,2490.0,-1.57,11.654,-18.2,-1.08,-12.76,0,0,DCHG, ,
2520.0,1,1,1,1,1,2520.0,-1.57,11.65,-18.2,-1.09,-12.91,0,0,DCHG, ,
2550.0,1,1,1,1,1,2550.0,-1.57,11.646,-18.2,-1.11,-13.06,0,0,DCHG, ,
2580.0,1,1,1,1,1,2580.0,-1.57,11.643,-18.2,-1.12,-13.21,0,0,DCHG, ,
2610.0,1,1,1,1,1,2610.0,-1.57,11.639,-18.2,-1.13,-13.36,0,0,DCHG, ,
2640.0,1,1,1,1,1,2640.0,-1.57,11.634,-18.2,-1.15,-13.52,0,0,DCHG, ,
2670.0,1,1,1,1,1,2670.0,-1.57,11.631,-18.2,-1.16,-13.67,0,0,DCHG, ,
2700.0,1,1,1,1,1,2700.0,-1.57,11.627,-18.2,-1.17,-13.82,0,0,DCHG, ,
2730.0,1,1,1,1,1,2730.0,-1.57,11.624,-18.2,-1.19,-13.97,0,0,DCHG, ,
2760.0,1,1,1,1,1,2760.0,-1.57,11.619,-18.2,-1.2,-14.12,0,0,DCHG, ,
2790.0,1,1,1,1,1,2790.0,-1.57,11.615,-18.2,-1.21,-14.27,0,0,DCHG, ,
2820.0,1,1,1,1,1,2820.0,-1.57,11.612,-18.2,-1.22,-14.43,0,0,DCHG, ,
2850.0,1,1,1,1,1,2850.0,-1.57,11.607,-18.2,-1.24,-14.58,0,0,DCHG, ,
2880.0,1,1,1,1,1,2880.0,-1.57,11.603,-18.1,-1.25,-14.73,0,0,DCHG, ,
2910.0,1,1,1,1,1,2910.0,-1.57,11.6,-18.1,-1.26,-14.88,0,0,DCHG, ,
2940.0,1,1,1,1,1,2940.0,-1.57,11.596,-18.1,-1.28,-15.03,0,0,DCHG, ,
2970.0,1,1,1,1,1,2970.0,-1.57,11.592,-18.1,-1.29,-15.18,0,0,DCHG, ,
3000.0,1,1,1,1,1,3000.0,-1.57,11.587,-18.1,-1.3,-15.33,0,0,DCHG, ,
3030.0,1,1,1,1,1,3030.0,-1.57,11.584,-18.1,-1.32,-15.48,0,0,DCHG, ,
3060.0,1,1,1,1,1,3060.0,-1.57,11.58,-18.1,-1.33,-15.63,0,0,DCHG, ,
3090.0,1,1,1,1,1,3090.0,-1.57,11.576,-18.1,-1.34,-15.79,0,0,DCHG, ,
3120.0,1,1,1,1,1,3120.0,-1.57,11.572,-18.1,-1.36,-15.94,0,0,DCHG, ,
3150.0,1,1,1,1,1,3150.0,-1.57,11.568,-18.1,-1.37,-16.09,0,0,DCHG, ,
3180.0,1,1,1,1,1,3180.0,-1.56,11.564,-18,-1.38,-16.24,0,0,DCHG, ,
3210.0,1,1,1,1,1,3210.0,-1.57,11.56,-18.1,-1.39,-16.39,0,0,DCHG, ,
3240.0,1,1,1,1,1,3240.0,-1.57,11.556,-18.1,-1.41,-16.54,0,0,DCHG, ,
3270.0,1,1,1,1,1,3270.0,-1.57,11.552,-18.1,-1.42,-16.69,0,0,DCHG, ,
3300.0,1,1,1,1,1,3300.0,-1.57,11.547,-18.1,-1.43,-16.84,0,0,DCHG, ,
3330.0,1,1,1,1,1,3330.0,-1.57,11.543,-18.1,-1.45,-16.99,0,0,DCHG, ,
3360.0,1,1,1,1,1,3360.0,-1.57,11.539,-18.1,-1.46,-17.14,0,0,DCHG, ,
3390.0,1,1,1,1,1,3390.0,-1.57,11.536,-18,-1.47,-17.29,0,0,DCHG, ,
3420.0,1,1,1,1,1,3420.0,-1.56,11.532,-18,-1.49,-17.44,0,0,DCHG, ,
3450.0,1,1,1,1,1,3450.0,-1.57,11.527,-18,-1.5,-17.59,0,0,DCHG, ,
3480.0,1,1,1,1,1,3480.0,-1.57,11.522,-18,-1.51,-17.74,0,0,DCHG, ,
3510.0,1,1,1,1,1,3510.0,-1.57,11.518,-18,-1.53,-17.89,0,0,DCHG, ,
3540.0,1,1,1,1,1,3540.0,-1.57,11.514,-18,-1.54,-18.04,0,0,DCHG, ,
3570.0,1,1,1,1,1,3570.0,-1.56,11.51,-17.9,-1.55,-18.19,0,0,DCHG, ,
3600.0,1,1,1,1,1,3600.0,-1.57,11.506,-18,-1.56,-18.34,0,0,DCHG, ,
3630.0,1,1,1,1,1,3630.0,-1.57,11.502,-18,-1.58,-18.49,0,0,DCHG, ,
3660.0,1,1,1,1,1,3660.0,-1.57,11.497,-18,-1.59,-18.64,0,0,DCHG, ,
3690.0,1,1,1,1,1,3690.0,-1.57,11.493,-18,-1.6,-18.79,0,0,DCHG, ,
3720.0,1,1,1,1,1,3720.0,-1.57,11.488,-18,-1.62,-18.94,0,0,DCHG, ,
3750.0,1,1,1,1,1,3750.0,-1.57,11.483,-18,-1.63,-19.09,0,0,DCHG, ,
3780.0,1,1,1,1,1,3780.0,-1.57,11.479,-18,-1.64,-19.24,0,0,DCHG, ,
3810.0,1,1,1,1,1,3810.0,-1.57,11.475,-18,-1.66,-19.39,0,0,DCHG, ,
3840.0,1,1,1,1,1,3840.0,-1.57,11.47,-17.9,-1.67,-19.54,0,0,DCHG, ,
3870.0,1,1,1,1,1,3870.0,-1.57,11.465,-17.9,-1.68,-19.69,0,0,DCHG, ,
3900.0,1,1,1,1,1,3900.0,-1.57,11.461,-17.9,-1.7,-19.84,0,0,DCHG, ,
3930.0,1,1,1,1,1,3930.0,-1.57,11.456,-17.9,-1.71,-19.99,0,0,DCHG, ,
3960.0,1,1,1,1,1,3960.0,-1.57,11.452,-17.9,-1.72,-20.14,0,0,DCHG, ,
3990.0,1,1,1,1,1,3990.0,-1.57,11.447,-17.9,-1.73,-20.29,0,0,DCHG, ,
4020.0,1,1,1,1,1,4020.0,-1.57,11.443,-17.9,-1.75,-20.44,0,0,DCHG, ,
4050.0,1,1,1,1,1,4050.0,-1.57,11.438,-17.9,-1.76,-20.59,0,0,DCHG, ,
4080.0,1,1,1,1,1,4080.0,-1.57,11.433,-17.9,-1.77,-20.73,0,0,DCHG, ,
4110.0,1,1,1,1,1,4110.0,-1.57,11.428,-17.9,-1.79,-20.88,0,0,DCHG, ,
4140.0,1,1,1,1,1,4140.0,-1.57,11.424,-17.9,-1.8,-21.03,0,0,DCHG, ,
4170.0,1,1,1,1,1,4170.0,-1.57,11.419,-17.9,-1.81,-21.18,0,0,DCHG, ,
4200.0,1,1,1,1,1,4200.0,-1.57,11.414,-17.9,-1.83,-21.33,0,0,DCHG, ,
4230.0,1,1,1,1,1,4230.0,-1.57,11.409,-17.8,-1.84,-21.48,0,0,DCHG, ,
4260.0,1,1,1,1,1,4260.0,-1.57,11.405,-17.8,-1.85,-21.63,0,0,DCHG, ,
4290.0,1,1,1,1,1,4290.0,-1.57,11.399,-17.8,-1.87,-21.78,0,0,DCHG, ,
4320.0,1,1,1,1,1,4320.0,-1.57,11.394,-17.8,-1.88,-21.93,0,0,DCHG, ,
4350.0,1,1,1,1,1,4350.0,-1.57,11.389,-17.8,-1.89,-22.07,0,0,DCHG, ,
4380.0,1,1,1,1,1,4380.0,-1.57,11.384,-17.8,-1.9,-22.22,0,0,DCHG, ,
4410.0,1,1,1,1,1,4410.0,-1.57,11.379,-17.8,-1.92,-22.37,0,0,DCHG, ,
4440.0,1,1,1,1,1,4440.0,-1.57,11.374,-17.8,-1.93,-22.52,0,0,DCHG, ,
4470.0,1,1,1,1,1,4470.0,-1.57,11.369,-17.8,-1.94,-22.67,0,0,DCHG, ,
4500.0,1,1,1,1,1,4500.0,-1.57,11.364,-17.8,-1.96,-22.82,0,0,DCHG, ,
4530.0,1,1,1,1,1,4530.0,-1.57,11.358,-17.8,-1.97,-22.96,0,0,DCHG, ,
4560.0,1,1,1,1,1,4560.0,-1.56,11.353,-17.7,-1.98,-23.11,0,0,DCHG, ,
4590.0,1,1,1,1,1,4590.0,-1.57,11.348,-17.8,-2,-23.26,0,0,DCHG, ,
4620.0,1,1,1,1,1,4620.0,-1.57,11.342,-17.7,-2.01,-23.41,0,0,DCHG, ,
4650.0,1,1,1,1,1,4650.0,-1.57,11.337,-17.7,-2.02,-23.56,0,0,DCHG, ,
4680.0,1,1,1,1,1,4680.0,-1.57,11.331,-17.7,-2.04,-23.7,0,0,DCHG, ,
4710.0,1,1,1,1,1,4710.0,-1.57,11.325,-17.7,-2.05,-23.85,0,0,DCHG, ,
4740.0,1,1,1,1,1,4740.0,-1.57,11.32,-17.7,-2.06,-24,0,0,DCHG, ,
4770.0,1,1,1,1,1,4770.0,-1.57,11.315,-17.7,-2.07,-24.15,0,0,DCHG, ,
4800.0,1,1,1,1,1,4800.0,-1.57,11.308,-17.7,-2.09,-24.29,0,0,DCHG, ,
4830.0,1,1,1,1,1,4830.0,-1.57,11.302,-17.7,-2.1,-24.44,0,0,DCHG, ,
4860.0,1,1,1,1,1,4860.0,-1.57,11.296,-17.7,-2.11,-24.59,0,0,DCHG, ,
4890.0,1,1,1,1,1,4890.0,-1.57,11.291,-17.7,-2.13,-24.74,0,0,DCHG, ,
4920.0,1,1,1,1,1,4920.0,-1.57,11.285,-17.7,-2.14,-24.88,0,0,DCHG, ,
4950.0,1,1,1,1,1,4950.0,-1.57,11.278,-17.7,-2.15,-25.03,0,0,DCHG, ,
4980.0,1,1,1,1,1,4980.0,-1.57,11.273,-17.6,-2.17,-25.18,0,0,DCHG, ,
5010.0,1,1,1,1,1,5010.0,-1.57,11.267,-17.6,-2.18,-25.32,0,0,DCHG, ,
5040.0,1,1,1,1,1,5040.0,-1.57,11.261,-17.6,-2.19,-25.47,0,0,DCHG, ,
5070.0,1,1,1,1,1,5070.0,-1.57,11.254,-17.6,-2.21,-25.62,0,0,DCHG, ,
5100.0,1,1,1,1,1,5100.0,-1.57,11.248,-17.6,-2.22,-25.76,0,0,DCHG, ,
5130.0,1,1,1,1,1,5130.0,-1.57,11.241,-17.6,-2.23,-25.91,0,0,DCHG, ,
5160.0,1,1,1,1,1,5160.0,-1.57,11.235,-17.6,-2.24,-26.06,0,0,DCHG, ,
5190.0,1,1,1,1,1,5190.0,-1.57,11.228,-17.6,-2.26,-26.2,0,0,DCHG, ,
5220.0,1,1,1,1,1,5220.0,-1.57,11.221,-17.6,-2.27,-26.35,0,0,DCHG, ,
5250.0,1,1,1,1,1,5250.0,-1.57,11.214,-17.5,-2.28,-26.5,0,0,DCHG, ,
5280.0,1,1,1,1,1,5280.0,-1.57,11.207,-17.5,-2.3,-26.64,0,0,DCHG, ,
5310.0,1,1,1,1,1,5310.0,-1.57,11.2,-17.5,-2.31,-26.79,0,0,DCHG, ,
5340.0,1,1,1,1,1,5340.0,-1.57,11.193,-17.5,-2.32,-26.93,0,0,DCHG, ,
5370.0,1,1,1,1,1,5370.0,-1.57,11.186,-17.5,-2.34,-27.08,0,0,DCHG, ,
5400.0,1,1,1,1,1,5400.0,-1.57,11.178,-17.5,-2.35,-27.23,0,0,DCHG, ,
5430.0,1,1,1,1,1,5430.0,-1.57,11.17,-17.5,-2.36,-27.37,0,0,DCHG, ,
5460.0,1,1,1,1,1,5460.0,-1.57,11.163,-17.5,-2.38,-27.52,0,0,DCHG, ,
5490.0,1,1,1,1,1,5490.0,-1.57,11.155,-17.5,-2.39,-27.66,0,0,DCHG, ,
5520.0,1,1,1,1,1,5520.0,-1.57,11.147,-17.4,-2.4,-27.81,0,0,DCHG, ,
5550.0,1,1,1,1,1,5550.0,-1.57,11.138,-17.4,-2.41,-27.95,0,0,DCHG, ,
5580.0,1,1,1,1,1,5580.0,-1.56,11.13,-17.3,-2.43,-28.1,0,0,DCHG, ,
5610.0,1,1,1,1,1,5610.0,-1.57,11.121,-17.4,-2.44,-28.24,0,0,DCHG, ,
5640.0,1,1,1,1,1,5640.0,-1.57,11.113,-17.4,-2.45,-28.39,0,0,DCHG, ,
5670.0,1,1,1,1,1,5670.0,-1.57,11.104,-17.4,-2.47,-28.53,0,0,DCHG, ,
5700.0,1,1,1,1,1,5700.0,-1.57,11.095,-17.4,-2.48,-28.68,0,0,DCHG, ,
5730.0,1,1,1,1,1,5730.0,-1.57,11.086,-17.4,-2.49,-28.82,0,0,DCHG, ,
5760.0,1,1,1,1,1,5760.0,-1.57,11.076,-17.3,-2.51,-28.97,0,0,DCHG, ,
5790.0,1,1,1,1,1,5790.0,-1.57,11.067,-17.3,-2.52,-29.11,0,0,DCHG, ,
5820.0,1,1,1,1,1,5820.0,-1.57,11.057,-17.3,-2.53,-29.25,0,0,DCHG, ,
5850.0,1,1,1,1,1,5850.0,-1.57,11.046,-17.3,-2.55,-29.4,0,0,DCHG, ,
5880.0,1,1,1,1,1,5880.0,-1.57,11.036,-17.3,-2.56,-29.54,0,0,DCHG, ,
5910.0,1,1,1,1,1,5910.0,-1.57,11.025,-17.2,-2.57,-29.69,0,0,DCHG, ,
5940.0,1,1,1,1,1,5940.0,-1.57,11.014,-17.2,-2.58,-29.83,0,0,DCHG, ,
5970.0,1,1,1,1,1,5970.0,-1.57,11.002,-17.2,-2.6,-29.97,0,0,DCHG, ,
6000.0,1,1,1,1,1,6000.0,-1.57,10.991,-17.2,-2.61,-30.12,0,0,DCHG, ,
6030.0,1,1,1,1,1,6030.0,-1.57,10.978,-17.2,-2.62,-30.26,0,0,DCHG, ,
6060.0,1,1,1,1,1,6060.0,-1.57,10.966,-17.2,-2.64,-30.4,0,0,DCHG, ,
6090.0,1,1,1,1,1,6090.0,-1.57,10.952,-17.1,-2.65,-30.55,0,0,DCHG, ,
6120.0,1,1,1,1,1,6120.0,-1.57,10.938,-17.1,-2.66,-30.69,0,0,DCHG, ,
6150.0,1,1,1,1,1,6150.0,-1.57,10.924,-17.1,-2.68,-30.83,0,0,DCHG, ,
6180.0,1,1,1,1,1,6180.0,-1.56,10.909,-17,-2.69,-30.97,0,0,DCHG, ,
6210.0,1,1,1,1,1,6210.0,-1.57,10.894,-17,-2.7,-31.12,0,0,DCHG, ,
6240.0,1,1,1,1,1,6240.0,-1.57,10.877,-17,-2.72,-31.26,0,0,DCHG, ,
6270.0,1,1,1,1,1,6270.0,-1.57,10.859,-17,-2.73,-31.4,0,0,DCHG, ,
6300.0,1,1,1,1,1,6300.0,-1.57,10.842,-17,-2.74,-31.54,0,0,DCHG, ,
6330.0,1,1,1,1,1,6330.0,-1.57,10.822,-16.9,-2.75,-31.68,0,0,DCHG, ,
6360.0,1,1,1,1,1,6360.0,-1.57,10.802,-16.9,-2.77,-31.82,0,0,DCHG, ,
6390.0,1,1,1,1,1,6390.0,-1.57,10.78,-16.9,-2.78,-31.96,0,0,DCHG, ,
6420.0,1,1,1,1,1,6420.0,-1.57,10.756,-16.8,-2.79,-32.1,0,0,DCHG, ,
6450.0,1,1,1,1,1,6450.0,-1.57,10.73,-16.8,-2.81,-32.24,0,0,DCHG, ,
6480.0,1,1,1,1,1,6480.0,-1.57,10.702,-16.7,-2.82,-32.38,0,0,DCHG, ,
6510.0,1,1,1,1,1,6510.0,-1.56,10.671,-16.6,-2.83,-32.52,0,0,DCHG, ,
6540.0,1,1,1,1,1,6540.0,-1.57,10.636,-16.6,-2.85,-32.66,0,0,DCHG, ,
6570.0,1,1,1,1,1,6570.0,-1.57,10.597,-16.6,-2.86,-32.8,0,0,DCHG, ,
6600.0,1,1,1,1,1,6600.0,-1.57,10.552,-16.5,-2.87,-32.94,0,0,DCHG, ,
6630.0,1,1,1,1,1,6630.0,-1.57,10.501,-16.4,-2.89,-33.08,0,0,DCHG, ,
6630.4,1,1,1,1,1,6630.4,-1.57,10.5,-16.4,-2.89,-33.08,0,0,DCHG,S,
6660.4,1,1,1,1,2,30.0,0,10.914,0,0,0,0,0,REST, ,
6690.4,1,1,1,1,2,60.0,-0.01,10.956,0,0,0,0,0,REST, ,
6720.4,1,1,1,1,2,90.0,0,10.985,0,0,0,0,0,REST, ,
6750.4,1,1,1,1,2,120.0,0,11.007,0,0,0,0,0,REST, ,
6780.4,1,1,1,1,2,150.0,0,11.025,0,0,0,0,0,REST, ,
6810.4,1,1,1,1,2,180.0,0,11.041,0,0,0,0,0,REST, ,
6840.4,1,1,1,1,2,210.0,0,11.053,0,0,0,0,0,REST, ,
6870.4,1,1,1,1,2,240.0,0,11.065,0,0,0,0,0,REST, ,
6900.4,1,1,1,1,2,270.0,0,11.075,0,0,0,0,0,REST, ,
6930.4,1,1,1,1,2,300.0,0,11.084,0,0,0,0,0,REST, ,
6960.4,1,1,1,1,2,330.0,-0.01,11.092,0,0,0,0,0,REST, ,
6990.4,1,1,1,1,2,360.0,0,11.099,0,0,0,0,0,REST, ,
7020.4,1,1,1,1,2,390.0,0,11.106,0,0,0,0,0,REST, ,
7050.4,1,1,1,1,2,420.0,0,11.112,0,0,0,0,0,REST, ,
7080.4,1,1,1,1,2,450.0,0,11.118,0,0,0,0,0,REST, ,
7110.4,1,1,1,1,2,480.0,0,11.123,0,0,0,0,0,REST, ,
7140.4,1,1,1,1,2,510.0,0,11.128,0,0,0,0,0,REST, ,
7170.4,1,1,1,1,2,540.0,0,11.132,0,0,0,0,0,REST, ,
7200.4,1,1,1,1,2,570.0,0,11.138,0,0,0,0,0,REST, ,
7230.4,1,1,1,1,2,600.0,0,11.141,0,0,0,0,0,REST,S,
7290.4,1,1,1,1,3,60.0,2,11.608,23.1,0.03,0.38,0,0,CHRG, ,
7350.4,1,1,1,1,3,120.0,2,11.686,23.3,0.06,0.77,0,0,CHRG, ,
7410.4,1,1,1,1,3,180.0,1.99,11.738,23.3,0.09,1.15,0,0,CHRG, ,
7470.4,1,1,1,1,3,240.0,2,11.778,23.5,0.13,1.55,0,0,CHRG, ,
7530.4,1,1,1,1,3,300.0,2,11.811,23.6,0.16,1.94,0,0,CHRG, ,
7590.4,1,1,1,1,3,360.0,2,11.84,23.6,0.19,2.33,0,0,CHRG, ,
7650.4,1,1,1,1,3,420.0,2,11.867,23.7,0.23,2.72,0,0,CHRG, ,
7710.4,1,1,1,1,3,480.0,2,11.892,23.7,0.26,3.12,0,0,CHRG, ,
7770.4,1,1,1,1,3,540.0,2,11.915,23.8,0.29,3.51,0,0,CHRG, ,
7830.4,1,1,1,1,3,600.0,2,11.937,23.8,0.33,3.91,0,0,CHRG, ,
7890.4,1,1,1,1,3,660.0,2,11.958,23.8,0.36,4.31,0,0,CHRG, ,
7950.4,1,1,1,1,3,720.0,2,11.979,23.9,0.39,4.71,0,0,CHRG, ,
8010.4,1,1,1,1,3,780.0,2,12,23.9,0.43,5.1,0,0,CHRG, ,
8070.4,1,1,1,1,3,840.0,2,12.02,24,0.46,5.5,0,0,CHRG, ,
8130.4,1,1,1,1,3,900.0,1.99,12.038,23.9,0.49,5.9,0,0,CHRG, ,
8190.4,1,1,1,1,3,960.0,2,12.058,24,0.53,6.3,0,0,CHRG, ,
8250.4,1,1,1,1,3,1020.0,2,12.076,24.1,0.56,6.7,0,0,CHRG, ,
8310.4,1,1,1,1,3,1080.0,2,12.094,24.1,0.59,7.11,0,0,CHRG, ,
8370.4,1,1,1,1,3,1140.0,2,12.112,24.2,0.63,7.51,0,0,CHRG, ,
8430.4,1,1,1,1,3,1200.0,2,12.13,24.2,0.66,7.91,0,0,CHRG, ,
8490.4,1,1,1,1,3,1260.0,2,12.148,24.2,0.69,8.31,0,0,CHRG, ,
8550.4,1,1,1,1,3,1320.0,2,12.165,24.3,0.73,8.72,0,0,CHRG, ,
8610.4,1,1,1,1,3,1380.0,2,12.182,24.3,0.76,9.12,0,0,CHRG, ,
8670.4,1,1,1,1,3,1440.0,2,12.199,24.3,0.79,9.53,0,0,CHRG, ,
8730.4,1,1,1,1,3,1500.0,2,12.216,24.4,0.83,9.93,0,0,CHRG, ,
8790.4,1,1,1,1,3,1560.0,1.99,12.232,24.3,0.86,10.34,0,0,CHRG, ,
8850.4,1,1,1,1,3,1620.0,2,12.248,24.4,0.89,10.75,0,0,CHRG, ,
8910.4,1,1,1,1,3,1680.0,2,12.264,24.5,0.93,11.15,0,0,CHRG, ,
8970.4,1,1,1,1,3,1740.0,2,12.28,24.5,0.96,11.56,0,0,CHRG, ,
9030.4,1,1,1,1,3,1800.0,2,12.295,24.5,0.99,11.97,0,0,CHRG, ,
9090.4,1,1,1,1,3,1860.0,2,12.311,24.6,1.03,12.38,0,0,CHRG, ,
9150.4,1,1,1,1,3,1920.0,2,12.326,24.6,1.06,12.79,0,0,CHRG, ,
9210.4,1,1,1,1,3,1980.0,2,12.341,24.6,1.09,13.2,0,0,CHRG, ,
9270.4,1,1,1,1,3,2040.0,2,12.356,24.6,1.13,13.61,0,0,CHRG, ,
9330.4,1,1,1,1,3,2100.0,2,12.37,24.7,1.16,14.02,0,0,CHRG, ,
9390.4,1,1,1,1,3,2160.0,2,12.385,24.7,1.19,14.43,0,0,CHRG, ,
9450.4,1,1,1,1,3,2220.0,2,12.399,24.7,1.23,14.84,0,0,CHRG, ,
9510.4,1,1,1,1,3,2280.0,2,12.414,24.8,1.26,15.25,0,0,CHRG, ,
9570.4,1,1,1,1,3,2340.0,1.99,12.427,24.7,1.29,15.67,0,0,CHRG, ,
9630.4,1,1,1,1,3,2400.0,2,12.441,24.8,1.33,16.08,0,0,CHRG, ,
9690.4,1,1,1,1,3,2460.0,2,12.455,24.8,1.36,16.49,0,0,CHRG, ,
9750.4,1,1,1,1,3,2520.0,2,12.469,24.9,1.39,16.91,0,0,CHRG, ,
9810.4,1,1,1,1,3,2580.0,2,12.482,24.9,1.43,17.32,0,0,CHRG, ,
9870.4,1,1,1,1,3,2640.0,2,12.496,24.9,1.46,17.74,0,0,CHRG, ,
9930.4,1,1,1,1,3,2700.0,2,12.508,25,1.49,18.15,0,0,CHRG, ,
9990.4,1,1,1,1,3,2760.0,2,12.521,25,1.53,18.57,0,0,CHRG, ,
10050.4,1,1,1,1,3,2820.0,2,12.535,25,1.56,18.99,0,0,CHRG, ,
10110.4,1,1,1,1,3,2880.0,2,12.547,25,1.59,19.4,0,0,CHRG, ,
10170.4,1,1,1,1,3,2940.0,2,12.56,25,1.63,19.82,0,0,CHRG, ,
10230.4,1,1,1,1,3,3000.0,2,12.572,25.1,1.66,20.24,0,0,CHRG, ,
10290.4,1,1,1,1,3,3060.0,2,12.585,25.1,1.69,20.66,0,0,CHRG, ,
10350.4,1,1,1,1,3,3120.0,2,12.597,25.1,1.73,21.07,0,0,CHRG, ,
10410.4,1,1,1,1,3,3180.0,2,12.61,25.2,1.76,21.49,0,0,CHRG, ,
10470.4,1,1,1,1,3,3240.0,2,12.622,25.2,1.79,21.91,0,0,CHRG, ,
10530.4,1,1,1,1,3,3300.0,2,12.634,25.2,1.83,22.33,0,0,CHRG, ,
10590.4,1,1,1,1,3,3360.0,2,12.646,25.2,1.86,22.75,0,0,CHRG, ,
10650.4,1,1,1,1,3,3420.0,2,12.657,25.2,1.89,23.17,0,0,CHRG, ,
10710.4,1,1,1,1,3,3480.0,2,12.669,25.3,1.93,23.59,0,0,CHRG, ,
10770.4,1,1,1,1,3,3540.0,2,12.681,25.3,1.96,24.01,0,0,CHRG, ,
10830.4,1,1,1,1,3,3600.0,2,12.692,25.3,1.99,24.44,0,0,CHRG, ,
10890.4,1,1,1,1,3,3660.0,2,12.704,25.3,2.03,24.86,0,0,CHRG, ,
10950.4,1,1,1,1,3,3720.0,2,12.716,25.4,2.06,25.28,0,0,CHRG, ,
11010.4,1,1,1,1,3,3780.0,2,12.727,25.4,2.09,25.7,0,0,CHRG, ,
11070.4,1,1,1,1,3,3840.0,2,12.739,25.4,2.13,26.13,0,0,CHRG, ,
11130.4,1,1,1,1,3,3900.0,2,12.749,25.4,2.16,26.55,0,0,CHRG, ,
11190.4,1,1,1,1,3,3960.0,2,12.761,25.4,2.19,26.97,0,0,CHRG, ,
11250.4,1,1,1,1,3,4020.0,2,12.772,25.5,2.23,27.4,0,0,CHRG, ,
11310.4,1,1,1,1,3,4080.0,2,12.783,25.5,2.26,27.82,0,0,CHRG, ,
11370.4,1,1,1,1,3,4140.0,1.99,12.795,25.4,2.29,28.25,0,0,CHRG, ,
11430.4,1,1,1,1,3,4200.0,2,12.805,25.5,2.33,28.67,0,0,CHRG, ,
11490.4,1,1,1,1,3,4260.0,1.99,12.817,25.5,2.36,29.1,0,0,CHRG, ,
11550.4,1,1,1,1,3,4320.0,2,12.828,25.6,2.39,29.52,0,0,CHRG, ,
11610.4,1,1,1,1,3,4380.0,1.99,12.84,25.5,2.43,29.95,0,0,CHRG, ,
11670.4,1,1,1,1,3,4440.0,2,12.851,25.6,2.46,30.38,0,0,CHRG, ,
11730.4,1,1,1,1,3,4500.0,2,12.862,25.6,2.49,30.8,0,0,CHRG, ,
11790.4,1,1,1,1,3,4560.0,1.99,12.873,25.6,2.53,31.23,0,0,CHRG, ,
11850.4,1,1,1,1,3,4620.0,2,12.885,25.7,2.56,31.66,0,0,CHRG, ,
11910.4,1,1,1,1,3,4680.0,2,12.896,25.7,2.59,32.09,0,0,CHRG, ,
11970.4,1,1,1,1,3,4740.0,2,12.906,25.8,2.63,32.52,0,0,CHRG, ,
12030.4,1,1,1,1,3,4800.0,2,12.918,25.8,2.66,32.95,0,0,CHRG, ,
12090.4,1,1,1,1,3,4860.0,2,12.929,25.8,2.69,33.38,0,0,CHRG, ,
12150.4,1,1,1,1,3,4920.0,2,12.941,25.8,2.73,33.81,0,0,CHRG, ,
12210.4,1,1,1,1,3,4980.0,2,12.952,25.8,2.76,34.24,0,0,CHRG, ,
12270.4,1,1,1,1,3,5040.0,2,12.963,25.8,2.79,34.67,0,0,CHRG, ,
12330.4,1,1,1,1,3,5100.0,2,12.974,25.9,2.83,35.1,0,0,CHRG, ,
12390.4,1,1,1,1,3,5160.0,2,12.986,25.9,2.86,35.53,0,0,CHRG, ,
12450.4,1,1,1,1,3,5220.0,2,12.997,25.9,2.89,35.96,0,0,CHRG, ,
12510.4,1,1,1,1,3,5280.0,2,13.009,26,2.93,36.39,0,0,CHRG, ,
12570.4,1,1,1,1,3,5340.0,2,13.02,26,2.96,36.83,0,0,CHRG, ,
12630.4,1,1,1,1,3,5400.0,2,13.032,26,2.99,37.26,0,0,CHRG, ,
12690.4,1,1,1,1,3,5460.0,1.99,13.044,25.9,3.03,37.69,0,0,CHRG, ,
12750.4,1,1,1,1,3,5520.0,2,13.056,26,3.06,38.13,0,0,CHRG, ,
12810.4,1,1,1,1,3,5580.0,2,13.067,26.1,3.09,38.56,0,0,CHRG, ,
12870.4,1,1,1,1,3,5640.0,2,13.079,26.1,3.13,38.99,0,0,CHRG, ,
12930.4,1,1,1,1,3,5700.0,2,13.091,26.1,3.16,39.43,0,0,CHRG, ,
12990.4,1,1,1,1,3,5760.0,2,13.103,26.1,3.19,39.86,0,0,CHRG, ,
13050.4,1,1,1,1,3,5820.0,2,13.116,26.2,3.23,40.3,0,0,CHRG, ,
13110.4,1,1,1,1,3,5880.0,2,13.128,26.2,3.26,40.74,0,0,CHRG, ,
13170.4,1,1,1,1,3,5940.0,2,13.14,26.2,3.29,41.17,0,0,CHRG, ,
13230.4,1,1,1,1,3,6000.0,2,13.152,26.3,3.33,41.61,0,0,CHRG, ,
13290.4,1,1,1,1,3,6060.0,2,13.165,26.3,3.36,42.05,0,0,CHRG, ,
13350.4,1,1,1,1,3,6120.0,2,13.177,26.3,3.39,42.48,0,0,CHRG, ,
13410.4,1,1,1,1,3,6180.0,2,13.19,26.3,3.43,42.92,0,0,CHRG, ,
13470.4,1,1,1,1,3,6240.0,2,13.202,26.3,3.46,43.36,0,0,CHRG, ,
13530.4,1,1,1,1,3,6300.0,2,13.215,26.3,3.49,43.8,0,0,CHRG, ,
13590.4,1,1,1,1,3,6360.0,2,13.229,26.4,3.53,44.24,0,0,CHRG, ,
13650.4,1,1,1,1,3,6420.0,2,13.242,26.4,3.56,44.68,0,0,CHRG, ,
13710.4,1,1,1,1,3,6480.0,1.99,13.255,26.4,3.59,45.12,0,0,CHRG, ,
13770.4,1,1,1,1,3,6540.0,2,13.269,26.5,3.63,45.56,0,0,CHRG, ,
13830.4,1,1,1,1,3,6600.0,2,13.283,26.5,3.66,46,0,0,CHRG, ,
13890.4,1,1,1,1,3,6660.0,2,13.296,26.5,3.69,46.44,0,0,CHRG, ,
13950.4,1,1,1,1,3,6720.0,2,13.31,26.5,3.73,46.88,0,0,CHRG, ,
14010.4,1,1,1,1,3,6780.0,2,13.325,26.6,3.76,47.33,0,0,CHRG, ,
14070.4,1,1,1,1,3,6840.0,2,13.339,26.6,3.79,47.77,0,0,CHRG, ,
14130.4,1,1,1,1,3,6900.0,2,13.353,26.6,3.83,48.21,0,0,CHRG, ,
14190.4,1,1,1,1,3,6960.0,2,13.368,26.7,3.86,48.66,0,0,CHRG, ,
14250.4,1,1,1,1,3,7020.0,2,13.383,26.7,3.89,49.1,0,0,CHRG, ,
14310.4,1,1,1,1,3,7080.0,2,13.398,26.7,3.93,49.55,0,0,CHRG, ,
14370.4,1,1,1,1,3,7140.0,1.99,13.415,26.7,3.96,49.99,0,0,CHRG, ,
14430.4,1,1,1,1,3,7200.0,2,13.43,26.8,3.99,50.44,0,0,CHRG, ,
14490.4,1,1,1,1,3,7260.0,2,13.447,26.8,4.03,50.89,0,0,CHRG, ,
14550.4,1,1,1,1,3,7320.0,2,13.464,26.8,4.06,51.33,0,0,CHRG, ,
14610.4,1,1,1,1,3,7380.0,2,13.481,26.9,4.09,51.78,0,0,CHRG, ,
14670.4,1,1,1,1,3,7440.0,2,13.499,26.9,4.13,52.23,0,0,CHRG, ,
14730.4,1,1,1,1,3,7500.0,2,13.518,27,4.16,52.68,0,0,CHRG, ,
14790.4,1,1,1,1,3,7560.0,2,13.537,27,4.19,53.13,0,0,CHRG, ,
14850.4,1,1,1,1,3,7620.0,2,13.558,27,4.23,53.58,0,0,CHRG, ,
14910.4,1,1,1,1,3,7680.0,2,13.581,27.1,4.26,54.03,0,0,CHRG, ,
14970.4,1,1,1,1,3,7740.0,2,13.603,27.2,4.29,54.48,0,0,CHRG, ,
15030.4,1,1,1,1,3,7800.0,2,13.63,27.2,4.33,54.93,0,0,CHRG, ,
15090.4,1,1,1,1,3,7860.0,2,13.658,27.3,4.36,55.39,0,0,CHRG, ,
15150.4,1,1,1,1,3,7920.0,2,13.691,27.3,4.39,55.84,0,0,CHRG, ,
15210.4,1,1,1,1,3,7980.0,2,13.729,27.4,4.43,56.3,0,0,CHRG, ,
15270.4,1,1,1,1,3,8040.0,1.99,13.776,27.4,4.46,56.75,0,0,CHRG, ,
15330.4,1,1,1,1,3,8100.0,2,13.835,27.6,4.49,57.21,0,0,CHRG, ,
15390.4,1,1,1,1,3,8160.0,2,13.914,27.7,4.53,57.67,0,0,CHRG, ,
15450.4,1,1,1,1,3,8220.0,2,14,27.9,4.56,58.14,0,0,CHRG, ,
15510.4,1,1,1,1,3,8280.0,2,14.084,28.1,4.59,58.6,0,0,CHRG, ,
15570.4,1,1,1,1,3,8340.0,2,14.197,28.3,4.63,59.07,0,0,CHRG, ,
15630.4,1,1,1,1,3,8400.0,1.99,14.362,28.6,4.66,59.55,0,0,CHRG, ,
15647.2,1,1,1,1,3,8416.8,2,14.4,28.7,4.67,59.68,0,0,CHRG,S,
15707.2,1,1,1,1,4,8476.8,1.81,14.199,25.6,4.7,60.11,0,0,CHRG, ,
15767.2,1,1,1,1,4,8536.8,1.77,14.2,25.1,4.73,60.54,0,0,CHRG, ,
15827.2,1,1,1,1,4,8596.8,1.74,14.2,24.7,4.76,60.95,0,0,CHRG, ,
15887.2,1,1,1,1,4,8656.8,1.71,14.2,24.2,4.79,61.36,0,0,CHRG, ,
15947.2,1,1,1,1,4,8716.8,1.66,14.2,23.5,4.82,61.76,0,0,CHRG, ,
16007.2,1,1,1,1,4,8776.8,1.62,14.2,23,4.84,62.14,0,0,CHRG, ,
16067.2,1,1,1,1,4,8836.8,1.59,14.201,22.6,4.87,62.52,0,0,CHRG, ,
16127.2,1,1,1,1,4,8896.8,1.56,14.2,22.1,4.9,62.9,0,0,CHRG, ,
16187.2,1,1,1,1,4,8956.8,1.53,14.2,21.6,4.92,63.26,0,0,CHRG, ,
16247.2,1,1,1,1,4,9016.8,1.49,14.2,21.1,4.95,63.62,0,0,CHRG, ,
16307.2,1,1,1,1,4,9076.8,1.46,14.201,20.7,4.97,63.97,0,0,CHRG, ,
16367.2,1,1,1,1,4,9136.8,1.43,14.2,20.3,5,64.31,0,0,CHRG, ,
16427.2,1,1,1,1,4,9196.8,1.41,14.2,20,5.02,64.65,0,0,CHRG, ,
16487.2,1,1,1,1,4,9256.8,1.39,14.2,19.6,5.04,64.97,0,0,CHRG, ,
16547.2,1,1,1,1,4,9316.8,1.35,14.2,19.1,5.07,65.3,0,0,CHRG, ,
16607.2,1,1,1,1,4,9376.8,1.33,14.2,18.8,5.09,65.61,0,0,CHRG, ,
16667.2,1,1,1,1,4,9436.8,1.3,14.2,18.4,5.11,65.92,0,0,CHRG, ,
16727.2,1,1,1,1,4,9496.8,1.27,14.2,18,5.13,66.23,0,0,CHRG, ,
16787.2,1,1,1,1,4,9556.8,1.25,14.2,17.7,5.15,66.52,0,0,CHRG, ,
16847.2,1,1,1,1,4,9616.8,1.22,14.2,17.3,5.17,66.81,0,0,CHRG, ,
16907.2,1,1,1,1,4,9676.8,1.2,14.201,17,5.19,67.1,0,0,CHRG, ,
16967.2,1,1,1,1,4,9736.8,1.18,14.199,16.7,5.21,67.38,0,0,CHRG, ,
17027.2,1,1,1,1,4,9796.8,1.16,14.2,16.4,5.23,67.66,0,0,CHRG, ,
17087.2,1,1,1,1,4,9856.8,1.13,14.2,16,5.25,67.93,0,0,CHRG, ,
17147.2,1,1,1,1,4,9916.8,1.11,14.2,15.8,5.27,68.19,0,0,CHRG, ,
17207.2,1,1,1,1,4,9976.8,1.09,14.2,15.5,5.29,68.45,0,0,CHRG, ,
17267.2,1,1,1,1,4,10036.8,1.08,14.199,15.2,5.31,68.71,0,0,CHRG, ,
17327.2,1,1,1,1,4,10096.8,1.06,14.199,15,5.32,68.96,0,0,CHRG, ,
17387.2,1,1,1,1,4,10156.8,1.04,14.201,14.7,5.34,69.21,0,0,CHRG, ,
17447.2,1,1,1,1,4,10216.8,1.02,14.201,14.4,5.36,69.45,0,0,CHRG, ,
17507.2,1,1,1,1,4,10276.8,1,14.2,14.1,5.38,69.69,0,0,CHRG, ,
17567.2,1,1,1,1,4,10336.8,0.99,14.2,14,5.39,69.92,0,0,CHRG, ,
17627.2,1,1,1,1,4,10396.8,0.97,14.2,13.7,5.41,70.15,0,0,CHRG, ,
17687.2,1,1,1,1,4,10456.8,0.95,14.2,13.4,5.42,70.38,0,0,CHRG, ,
17747.2,1,1,1,1,4,10516.8,0.93,14.2,13.1,5.44,70.6,0,0,CHRG, ,
17807.2,1,1,1,1,4,10576.8,0.92,14.2,13,5.46,70.82,0,0,CHRG, ,
17867.2,1,1,1,1,4,10636.8,0.9,14.2,12.7,5.47,71.03,0,0,CHRG, ,
17927.2,1,1,1,1,4,10696.8,0.89,14.2,12.5,5.49,71.24,0,0,CHRG, ,
17987.2,1,1,1,1,4,10756.8,0.87,14.2,12.3,5.5,71.45,0,0,CHRG, ,
18047.2,1,1,1,1,4,10816.8,0.86,14.2,12.2,5.51,71.65,0,0,CHRG, ,
18107.2,1,1,1,1,4,10876.8,0.85,14.2,12,5.53,71.85,0,0,CHRG, ,
18167.2,1,1,1,1,4,10936.8,0.83,14.2,11.7,5.54,72.05,0,0,CHRG, ,
18227.2,1,1,1,1,4,10996.8,0.81,14.2,11.5,5.56,72.24,0,0,CHRG, ,
18287.2,1,1,1,1,4,11056.8,0.81,14.2,11.5,5.57,72.43,0,0,CHRG, ,
18347.2,1,1,1,1,4,11116.8,0.79,14.2,11.2,5.58,72.62,0,0,CHRG, ,
18407.2,1,1,1,1,4,11176.8,0.79,14.2,11.2,5.6,72.81,0,0,CHRG, ,
18467.2,1,1,1,1,4,11236.8,0.77,14.2,10.8,5.61,72.99,0,0,CHRG, ,
18527.2,1,1,1,1,4,11296.8,0.76,14.2,10.7,5.62,73.17,0,0,CHRG, ,
18587.2,1,1,1,1,4,11356.8,0.74,14.199,10.5,5.63,73.34,0,0,CHRG, ,
18647.2,1,1,1,1,4,11416.8,0.74,14.2,10.5,5.65,73.52,0,0,CHRG, ,
18707.2,1,1,1,1,4,11476.8,0.72,14.2,10.2,5.66,73.69,0,0,CHRG, ,
18767.2,1,1,1,1,4,11536.8,0.71,14.2,10,5.67,73.86,0,0,CHRG, ,
18827.2,1,1,1,1,4,11596.8,0.7,14.199,9.8,5.68,74.02,0,0,CHRG, ,
18887.2,1,1,1,1,4,11656.8,0.69,14.2,9.7,5.69,74.19,0,0,CHRG, ,
18947.2,1,1,1,1,4,11716.8,0.68,14.2,9.6,5.71,74.35,0,0,CHRG, ,
19007.2,1,1,1,1,4,11776.8,0.67,14.2,9.5,5.72,74.51,0,0,CHRG, ,
19067.2,1,1,1,1,4,11836.8,0.66,14.2,9.4,5.73,74.66,0,0,CHRG, ,
19127.2,1,1,1,1,4,11896.8,0.65,14.2,9.2,5.74,74.82,0,0,CHRG, ,
19187.2,1,1,1,1,4,11956.8,0.64,14.201,9.1,5.75,74.97,0,0,CHRG, ,
19247.2,1,1,1,1,4,12016.8,0.63,14.2,8.9,5.76,75.12,0,0,CHRG, ,
19307.2,1,1,1,1,4,12076.8,0.63,14.2,8.9,5.77,75.27,0,0,CHRG, ,
19367.2,1,1,1,1,4,12136.8,0.61,14.2,8.6,5.78,75.41,0,0,CHRG, ,
19427.2,1,1,1,1,4,12196.8,0.6,14.199,8.5,5.79,75.56,0,0,CHRG, ,
19487.2,1,1,1,1,4,12256.8,0.6,14.2,8.4,5.8,75.7,0,0,CHRG, ,
19547.2,1,1,1,1,4,12316.8,0.59,14.2,8.3,5.81,75.84,0,0,CHRG, ,
19607.2,1,1,1,1,4,12376.8,0.59,14.2,8.3,5.82,75.98,0,0,CHRG, ,
19667.2,1,1,1,1,4,12436.8,0.58,14.2,8.2,5.83,76.11,0,0,CHRG, ,
19727.2,1,1,1,1,4,12496.8,0.58,14.2,8.1,5.84,76.25,0,0,CHRG, ,
19787.2,1,1,1,1,4,12556.8,0.56,14.2,7.9,5.85,76.38,0,0,CHRG, ,
19847.2,1,1,1,1,4,12616.8,0.56,14.2,7.9,5.86,76.51,0,0,CHRG, ,
19907.2,1,1,1,1,4,12676.8,0.55,14.2,7.7,5.87,76.64,0,0,CHRG, ,
19967.2,1,1,1,1,4,12736.8,0.54,14.2,7.6,5.88,76.77,0,0,CHRG, ,
20027.2,1,1,1,1,4,12796.8,0.54,14.201,7.6,5.89,76.9,0,0,CHRG, ,
20087.2,1,1,1,1,4,12856.8,0.53,14.201,7.4,5.89,77.02,0,0,CHRG, ,
20147.2,1,1,1,1,4,12916.8,0.52,14.201,7.3,5.9,77.14,0,0,CHRG, ,
20207.2,1,1,1,1,4,12976.8,0.52,14.2,7.3,5.91,77.26,0,0,CHRG, ,
20267.2,1,1,1,1,4,13036.8,0.5,14.201,7.1,5.92,77.38,0,0,CHRG, ,
20327.2,1,1,1,1,4,13096.8,0.49,14.2,7,5.93,77.5,0,0,CHRG, ,
20387.2,1,1,1,1,4,13156.8,0.5,14.2,7,5.94,77.62,0,0,CHRG, ,
20447.2,1,1,1,1,4,13216.8,0.49,14.199,6.9,5.95,77.73,0,0,CHRG, ,
20507.2,1,1,1,1,4,13276.8,0.49,14.2,6.9,5.95,77.85,0,0,CHRG, ,
20567.2,1,1,1,1,4,13336.8,0.48,14.2,6.8,5.96,77.96,0,0,CHRG, ,
20627.2,1,1,1,1,4,13396.8,0.47,14.2,6.7,5.97,78.07,0,0,CHRG, ,
20687.2,1,1,1,1,4,13456.8,0.47,14.2,6.6,5.98,78.18,0,0,CHRG, ,
20747.2,1,1,1,1,4,13516.8,0.46,14.2,6.5,5.98,78.29,0,0,CHRG, ,
20807.2,1,1,1,1,4,13576.8,0.46,14.199,6.5,5.99,78.4,0,0,CHRG, ,
20867.2,1,1,1,1,4,13636.8,0.45,14.2,6.4,6,78.51,0,0,CHRG, ,
20927.2,1,1,1,1,4,13696.8,0.44,14.2,6.2,6.01,78.61,0,0,CHRG, ,
20987.2,1,1,1,1,4,13756.8,0.44,14.2,6.2,6.01,78.72,0,0,CHRG, ,
21047.2,1,1,1,1,4,13816.8,0.44,14.201,6.2,6.02,78.82,0,0,CHRG, ,
21107.2,1,1,1,1,4,13876.8,0.43,14.2,6.1,6.03,78.92,0,0,CHRG, ,
21167.2,1,1,1,1,4,13936.8,0.43,14.2,6.1,6.04,79.02,0,0,CHRG, ,
21227.2,1,1,1,1,4,13996.8,0.42,14.2,5.9,6.04,79.12,0,0,CHRG, ,
21287.2,1,1,1,1,4,14056.8,0.42,14.2,5.9,6.05,79.22,0,0,CHRG, ,
21347.2,1,1,1,1,4,14116.8,0.42,14.2,5.9,6.06,79.32,0,0,CHRG, ,
21407.2,1,1,1,1,4,14176.8,0.41,14.2,5.7,6.06,79.41,0,0,CHRG, ,
21467.2,1,1,1,1,4,14236.8,0.4,14.2,5.6,6.07,79.51,0,0,CHRG, ,
21527.2,1,1,1,1,4,14296.8,0.39,14.199,5.5,6.08,79.6,0,0,CHRG, ,
21587.2,1,1,1,1,4,14356.8,0.39,14.2,5.5,6.08,79.7,0,0,CHRG, ,
21647.2,1,1,1,1,4,14416.8,0.39,14.2,5.5,6.09,79.79,0,0,CHRG, ,
21707.2,1,1,1,1,4,14476.8,0.39,14.2,5.5,6.1,79.88,0,0,CHRG, ,
21767.2,1,1,1,1,4,14536.8,0.38,14.2,5.3,6.1,79.97,0,0,CHRG, ,
21827.2,1,1,1,1,4,14596.8,0.39,14.2,5.4,6.11,80.06,0,0,CHRG, ,
21887.2,1,1,1,1,4,14656.8,0.38,14.2,5.3,6.12,80.15,0,0,CHRG, ,
21947.2,1,1,1,1,4,14716.8,0.37,14.199,5.2,6.12,80.24,0,0,CHRG, ,
22007.2,1,1,1,1,4,14776.8,0.37,14.2,5.2,6.13,80.32,0,0,CHRG, ,
22067.2,1,1,1,1,4,14836.8,0.37,14.2,5.2,6.14,80.41,0,0,CHRG, ,
22127.2,1,1,1,1,4,14896.8,0.36,14.2,5.1,6.14,80.5,0,0,CHRG, ,
22187.2,1,1,1,1,4,14956.8,0.36,14.2,5.1,6.15,80.58,0,0,CHRG, ,
22247.2,1,1,1,1,4,15016.8,0.36,14.2,5.1,6.15,80.67,0,0,CHRG, ,
22307.2,1,1,1,1,4,15076.8,0.35,14.199,5,6.16,80.75,0,0,CHRG, ,
22367.2,1,1,1,1,4,15136.8,0.35,14.2,5,6.17,80.83,0,0,CHRG, ,
22427.2,1,1,1,1,4,15196.8,0.34,14.2,4.8,6.17,80.91,0,0,CHRG, ,
22487.2,1,1,1,1,4,15256.8,0.34,14.2,4.8,6.18,80.99,0,0,CHRG, ,
22547.2,1,1,1,1,4,15316.8,0.34,14.2,4.8,6.18,81.07,0,0,CHRG, ,
22607.2,1,1,1,1,4,15376.8,0.34,14.2,4.8,6.19,81.15,0,0,CHRG, ,
22667.2,1,1,1,1,4,15436.8,0.33,14.199,4.7,6.19,81.23,0,0,CHRG, ,
22727.2,1,1,1,1,4,15496.8,0.33,14.2,4.6,6.2,81.31,0,0,CHRG, ,
22787.2,1,1,1,1,4,15556.8,0.34,14.2,4.7,6.2,81.39,0,0,CHRG, ,
22847.2,1,1,1,1,4,15616.8,0.33,14.2,4.6,6.21,81.46,0,0,CHRG, ,
22907.2,1,1,1,1,4,15676.8,0.32,14.2,4.5,6.22,81.54,0,0,CHRG, ,
22967.2,1,1,1,1,4,15736.8,0.32,14.2,4.5,6.22,81.61,0,0,CHRG, ,
23027.2,1,1,1,1,4,15796.8,0.32,14.2,4.5,6.23,81.69,0,0,CHRG, ,
23087.2,1,1,1,1,4,15856.8,0.31,14.2,4.4,6.23,81.76,0,0,CHRG, ,
23091.4,1,1,1,1,4,15861.0,0.3,14.2,4.3,6.23,81.77,0,0,CHRG,S,
23091.5,1,1,1,1,5,15861.1,0,14.157,0.1,6.23,81.77,0,0,CHRG,S,
23151.5,1,1,1,1,6,60.0,0,13.417,0,0,0,0,0,REST, ,
23211.5,1,1,1,1,6,120.0,0,13.35,0,0,0,0,0,REST, ,
23271.5,1,1,1,1,6,180.0,0.01,13.315,0,0,0,0,0,REST, ,
23331.5,1,1,1,1,6,240.0,0,13.294,0,0,0,0,0,REST, ,
23391.5,1,1,1,1,6,300.0,-0.01,13.28,0,0,0,0,0,REST, ,
23451.5,1,1,1,1,6,360.0,0,13.268,0,0,0,0,0,REST, ,
23511.5,1,1,1,1,6,420.0,0,13.26,0,0,0,0,0,REST, ,
23571.5,1,1,1,1,6,480.0,-0.01,13.253,0,0,0,0,0,REST, ,
23631.5,1,1,1,1,6,540.0,0,13.248,0,0,0,0,0,REST, ,
23691.5,1,1,1,1,6,600.0,0,13.243,0,0,0,0,0,REST, ,
23751.5,1,1,1,1,6,660.0,0,13.238,0,0,0,0,0,REST, ,
23811.5,1,1,1,1,6,720.0,0,13.234,0,0,0,0,0,REST, ,
23871.5,1,1,1,1,6,780.0,0,13.231,0,0,0,0,0,REST, ,
23931.5,1,1,1,1,6,840.0,0,13.228,0,0,0,0,0,REST, ,
23991.5,1,1,1,1,6,900.0,0,13.225,0,0,0,0,0,REST, ,
24051.5,1,1,1,1,6,960.0,0,13.222,0,0,0,0,0,REST, ,
24111.5,1,1,1,1,6,1020.0,0,13.22,0,0,0,0,0,REST, ,
24171.5,1,1,1,1,6,1080.0,0,13.217,0,0,0,0,0,REST, ,
24231.5,1,1,1,1,6,1140.0,0,13.215,0,0,0,0,0,REST, ,
24291.5,1,1,1,1,6,1200.0,0,13.213,0,0,0,0,0,REST, ,
24351.5,1,1,1,1,6,1260.0,0,13.212,0,0,0,0,0,REST, ,
24411.5,1,1,1,1,6,1320.0,0,13.209,0,0,0,0,0,REST, ,
24471.5,1,1,1,1,6,1380.0,0,13.208,0,0,0,0,0,REST, ,
24531.5,1,1,1,1,6,1440.0,0,13.207,0,0,0,0,0,REST, ,
24591.5,1,1,1,1,6,1500.0,0,13.205,0,0,0,0,0,REST, ,
24651.5,1,1,1,1,6,1560.0,-0.01,13.203,0,0,0,0,0,REST, ,
24711.5,1,1,1,1,6,1620.0,0,13.202,0,0,0,0,0,REST, ,
24771.5,1,1,1,1,6,1680.0,0,13.2,0,0,0,0,0,REST, ,
24831.5,1,1,1,1,6,1740.0,0,13.199,0,0,0,0,0,REST, ,
24891.5,1,1,1,1,6,1800.0,0,13.198,0,0,0,0,0,REST,S,
24921.5,1,2,1,1,1,30.0,-1.57,12.823,-20.1,-0.01,-0.16,0,0,DCHG, ,
24951.5,1,2,1,1,1,60.0,-1.57,12.805,-20,-0.02,-0.33,0,0,DCHG, ,
24981.5,1,2,1,1,1,90.0,-1.57,12.799,-20,-0.03,-0.5,0,0,DCHG, ,
25011.5,1,2,1,1,1,120.0,-1.57,12.794,-20,-0.05,-0.66,0,0,DCHG, ,
25041.5,1,2,1,1,1,150.0,-1.57,12.79,-20,-0.06,-0.83,0,0,DCHG, ,
25071.5,1,2,1,1,1,180.0,-1.57,12.786,-20,-0.07,-1,0,0,DCHG, ,
25101.5,1,2,1,1,1,210.0,-1.57,12.781,-20,-0.09,-1.16,0,0,DCHG, ,
25131.5,1,2,1,1,1,240.0,-1.57,12.777,-20,-0.1,-1.33,0,0,DCHG, ,
25161.5,1,2,1,1,1,270.0,-1.57,12.773,-20,-0.11,-1.5,0,0,DCHG, ,
25191.5,1,2,1,1,1,300.0,-1.57,12.769,-20,-0.13,-1.66,0,0,DCHG, ,
25221.5,1,2,1,1,1,330.0,-1.57,12.765,-20,-0.14,-1.83,0,0,DCHG, ,
25251.5,1,2,1,1,1,360.0,-1.57,12.761,-20,-0.15,-2,0,0,DCHG, ,
25281.5,1,2,1,1,1,390.0,-1.57,12.757,-20,-0.16,-2.16,0,0,DCHG, ,
25311.5,1,2,1,1,1,420.0,-1.57,12.749,-20,-0.18,-2.33,0,0,DCHG, ,
25341.5,1,2,1,1,1,450.0,-1.57,12.75,-19.9,-0.19,-2.49,0,0,DCHG, ,
25371.5,1,2,1,1,1,480.0,-1.57,12.745,-20,-0.2,-2.66,0,0,DCHG, ,
25401.5,1,2,1,1,1,510.0,-1.57,12.742,-19.9,-0.22,-2.83,0,0,DCHG, ,
25431.5,1,2,1,1,1,540.0,-1.57,12.738,-19.9,-0.23,-2.99,0,0,DCHG, ,
25461.5,1,2,1,1,1,570.0,-1.57,12.734,-19.9,-0.24,-3.16,0,0,DCHG, ,
25491.5,1,2,1,1,1,600.0,-1.57,12.731,-19.9,-0.26,-3.32,0,0,DCHG, ,
25521.5,1,2,1,1,1,630.0,-1.57,12.726,-19.9,-0.27,-3.49,0,0,DCHG, ,
25551.5,1,2,1,1,1,660.0,-1.57,12.723,-19.9,-0.28,-3.66,0,0,DCHG, ,
25581.5,1,2,1,1,1,690.0,-1.57,12.719,-19.9,-0.3,-3.82,0,0,DCHG, ,
25611.5,1,2,1,1,1,720.0,-1.57,12.715,-19.9,-0.31,-3.99,0,0,DCHG, ,
25641.5,1,2,1,1,1,750.0,-1.57,12.711,-19.9,-0.32,-4.15,0,0,DCHG, ,
25671.5,1,2,1,1,1,780.0,-1.57,12.708,-19.9,-0.34,-4.32,0,0,DCHG, ,
25701.5,1,2,1,1,1,810.0,-1.57,12.704,-19.9,-0.35,-4.48,0,0,DCHG, ,
25731.5,1,2,1,1,1,840.0,-1.57,12.7,-19.9,-0.36,-4.65,0,0,DCHG, ,
25761.5,1,2,1,1,1,870.0,-1.57,12.697,-19.9,-0.37,-4.82,0,0,DCHG, ,
25791.5,1,2,1,1,1,900.0,-1.57,12.693,-19.9,-0.39,-4.98,0,0,DCHG, ,
25821.5,1,2,1,1,1,930.0,-1.57,12.69,-19.8,-0.4,-5.15,0,0,DCHG, ,
25851.5,1,2,1,1,1,960.0,-1.57,12.686,-19.8,-0.41,-5.31,0,0,DCHG, ,
25881.5,1,2,1,1,1,990.0,-1.57,12.683,-19.9,-0.43,-5.48,0,0,DCHG, ,
25911.5,1,2,1,1,1,1020.0,-1.57,12.679,-19.8,-0.44,-5.64,0,0,DCHG, ,
25941.5,1,2,1,1,1,1050.0,-1.57,12.675,-19.8,-0.45,-5.81,0,0,DCHG, ,
25971.5,1,2,1,1,1,1080.0,-1.56,12.672,-19.7,-0.47,-5.97,0,0,DCHG, ,
26001.5,1,2,1,1,1,1110.0,-1.57,12.668,-19.8,-0.48,-6.14,0,0,DCHG, ,
26031.5,1,2,1,1,1,1140.0,-1.57,12.665,-19.8,-0.49,-6.3,0,0,DCHG, ,
26061.5,1,2,1,1,1,1170.0,-1.57,12.661,-19.8,-0.51,-6.47,0,0,DCHG, ,
26091.5,1,2,1,1,1,1200.0,-1.57,12.658,-19.8,-0.52,-6.63,0,0,DCHG, ,
26121.5,1,2,1,1,1,1230.0,-1.57,12.654,-19.8,-0.53,-6.8,0,0,DCHG, ,
26151.5,1,2,1,1,1,1260.0,-1.57,12.651,-19.8,-0.54,-6.96,0,0,DCHG, ,
26181.5,1,2,1,1,1,1290.0,-1.57,12.647,-19.8,-0.56,-7.13,0,0,DCHG, ,
26211.5,1,2,1,1,1,1320.0,-1.57,12.643,-19.8,-0.57,-7.29,0,0,DCHG, ,
26241.5,1,2,1,1,1,1350.0,-1.57,12.64,-19.8,-0.58,-7.46,0,0,DCHG, ,
26271.5,1,2,1,1,1,1380.0,-1.57,12.637,-19.8,-0.6,-7.62,0,0,DCHG, ,
26301.5,1,2,1,1,1,1410.0,-1.57,12.633,-19.8,-0.61,-7.79,0,0,DCHG, ,
26331.5,1,2,1,1,1,1440.0,-1.57,12.629,-19.8,-0.62,-7.95,0,0,DCHG, ,
26361.5,1,2,1,1,1,1470.0,-1.57,12.626,-19.7,-0.64,-8.12,0,0,DCHG, ,
26391.5,1,2,1,1,1,1500.0,-1.57,12.622,-19.8,-0.65,-8.28,0,0,DCHG, ,
26421.5,1,2,1,1,1,1530.0,-1.57,12.619,-19.8,-0.66,-8.45,0,0,DCHG, ,
26451.5,1,2,1,1,1,1560.0,-1.57,12.615,-19.7,-0.68,-8.61,0,0,DCHG, ,
26481.5,1,2,1,1,1,1590.0,-1.57,12.612,-19.7,-0.69,-8.77,0,0,DCHG, ,
26511.5,1,2,1,1,1,1620.0,-1.57,12.608,-19.7,-0.7,-8.94,0,0,DCHG, ,
26541.5,1,2,1,1,1,1650.0,-1.57,12.605,-19.7,-0.71,-9.1,0,0,DCHG, ,
26571.5,1,2,1,1,1,1680.0,-1.57,12.601,-19.7,-0.73,-9.27,0,0,DCHG, ,
26601.5,1,2,1,1,1,1710.0,-1.57,12.597,-19.7,-0.74,-9.43,0,0,DCHG, ,
26631.5,1,2,1,1,1,1740.0,-1.57,12.594,-19.7,-0.75,-9.6,0,0,DCHG, ,
26661.5,1,2,1,1,1,1770.0,-1.57,12.59,-19.7,-0.77,-9.76,0,0,DCHG, ,
26691.5,1,2,1,1,1,1800.0,-1.56,12.587,-19.6,-0.78,-9.92,0,0,DCHG, ,
26721.5,1,2,1,1,1,1830.0,-1.57,12.584,-19.7,-0.79,-10.09,0,0,DCHG, ,
26751.5,1,2,1,1,1,1860.0,-1.57,12.58,-19.7,-0.81,-10.25,0,0,DCHG, ,
26781.5,1,2,1,1,1,1890.0,-1.57,12.577,-19.7,-0.82,-10.42,0,0,DCHG, ,
26811.5,1,2,1,1,1,1920.0,-1.57,12.573,-19.7,-0.83,-10.58,0,0,DCHG, ,
26841.5,1,2,1,1,1,1950.0,-1.57,12.57,-19.7,-0.85,-10.74,0,0,DCHG, ,
26871.5,1,2,1,1,1,1980.0,-1.57,12.566,-19.7,-0.86,-10.91,0,0,DCHG, ,
26901.5,1,2,1,1,1,2010.0,-1.57,12.563,-19.7,-0.87,-11.07,0,0,DCHG, ,
26931.5,1,2,1,1,1,2040.0,-1.57,12.559,-19.7,-0.88,-11.24,0,0,DCHG, ,
26961.5,1,2,1,1,1,2070.0,-1.57,12.556,-19.6,-0.9,-11.4,0,0,DCHG, ,
26991.5,1,2,1,1,1,2100.0,-1.57,12.553,-19.6,-0.91,-11.56,0,0,DCHG, ,
27021.5,1,2,1,1,1,2130.0,-1.57,12.549,-19.6,-0.92,-11.73,0,0,DCHG, ,
27051.5,1,2,1,1,1,2160.0,-1.57,12.546,-19.6,-0.94,-11.89,0,0,DCHG, ,
27081.5,1,2,1,1,1,2190.0,-1.57,12.542,-19.6,-0.95,-12.05,0,0,DCHG, ,
27111.5,1,2,1,1,1,2220.0,-1.57,12.538,-19.6,-0.96,-12.22,0,0,DCHG, ,
27141.5,1,2,1,1,1,2250.0,-1.57,12.536,-19.6,-0.98,-12.38,0,0,DCHG, ,
27171.5,1,2,1,1,1,2280.0,-1.56,12.532,-19.5,-0.99,-12.54,0,0,DCHG, ,
27201.5,1,2,1,1,1,2310.0,-1.57,12.528,-19.6,-1,-12.71,0,0,DCHG, ,
27231.5,1,2,1,1,1,2340.0,-1.57,12.525,-19.6,-1.02,-12.87,0,0,DCHG, ,
27261.5,1,2,1,1,1,2370.0,-1.57,12.521,-19.6,-1.03,-13.03,0,0,DCHG, ,
27291.5,1,2,1,1,1,2400.0,-1.57,12.518,-19.6,-1.04,-13.2,0,0,DCHG, ,
27321.5,1,2,1,1,1,2430.0,-1.57,12.515,-19.6,-1.05,-13.36,0,0,DCHG, ,
27351.5,1,2,1,1,1,2460.0,-1.56,12.512,-19.5,-1.07,-13.52,0,0,DCHG, ,
27381.5,1,2,1,1,1,2490.0,-1.57,12.508,-19.6,-1.08,-13.69,0,0,DCHG, ,
27411.5,1,2,1,1,1,2520.0,-1.57,12.504,-19.6,-1.09,-13.85,0,0,DCHG, ,
27441.5,1,2,1,1,1,2550.0,-1.57,12.501,-19.6,-1.11,-14.01,0,0,DCHG, ,
27471.5,1,2,1,1,1,2580.0,-1.57,12.498,-19.5,-1.12,-14.18,0,0,DCHG, ,
27501.5,1,2,1,1,1,2610.0,-1.57,12.495,-19.5,-1.13,-14.34,0,0,DCHG, ,
27531.5,1,2,1,1,1,2640.0,-1.57,12.491,-19.5,-1.15,-14.5,0,0,DCHG, ,
27561.5,1,2,1,1,1,2670.0,-1.57,12.487,-19.5,-1.16,-14.66,0,0,DCHG, ,
27591.5,1,2,1,1,1,2700.0,-1.57,12.484,-19.5,-1.17,-14.83,0,0,DCHG, ,
27621.5,1,2,1,1,1,2730.0,-1.57,12.481,-19.5,-1.19,-14.99,0,0,DCHG, ,
27651.5,1,2,1,1,1,2760.0,-1.56,12.478,-19.4,-1.2,-15.15,0,0,DCHG, ,
27681.5,1,2,1,1,1,2790.0,-1.57,12.474,-19.5,-1.21,-15.31,0,0,DCHG, ,
27711.5,1,2,1,1,1,2820.0,-1.57,12.471,-19.5,-1.22,-15.48,0,0,DCHG, ,
27741.5,1,2,1,1,1,2850.0,-1.57,12.468,-19.5,-1.24,-15.64,0,0,DCHG, ,
27771.5,1,2,1,1,1,2880.0,-1.57,12.464,-19.5,-1.25,-15.8,0,0,DCHG, ,
27801.5,1,2,1,1,1,2910.0,-1.57,12.461,-19.5,-1.26,-15.96,0,0,DCHG, ,
27831.5,1,2,1,1,1,2940.0,-1.57,12.457,-19.5,-1.28,-16.13,0,0,DCHG, ,
27861.5,1,2,1,1,1,2970.0,-1.57,12.453,-19.5,-1.29,-16.29,0,0,DCHG, ,
27891.5,1,2,1,1,1,3000.0,-1.57,12.451,-19.5,-1.3,-16.45,0,0,DCHG, ,
27921.5,1,2,1,1,1,3030.0,-1.57,12.448,-19.5,-1.32,-16.61,0,0,DCHG, ,
27951.5,1,2,1,1,1,3060.0,-1.57,12.444,-19.5,-1.33,-16.78,0,0,DCHG, ,
27981.5,1,2,1,1,1,3090.0,-1.57,12.441,-19.5,-1.34,-16.94,0,0,DCHG, ,
28011.5,1,2,1,1,1,3120.0,-1.57,12.438,-19.5,-1.36,-17.1,0,0,DCHG, ,
28041.5,1,2,1,1,1,3150.0,-1.57,12.434,-19.5,-1.37,-17.26,0,0,DCHG, ,
28071.5,1,2,1,1,1,3180.0,-1.57,12.431,-19.5,-1.38,-17.42,0,0,DCHG, ,
28101.5,1,2,1,1,1,3210.0,-1.57,12.427,-19.4,-1.39,-17.59,0,0,DCHG, ,
28131.5,1,2,1,1,1,3240.0,-1.57,12.424,-19.4,-1.41,-17.75,0,0,DCHG, ,
28161.5,1,2,1,1,1,3270.0,-1.56,12.421,-19.4,-1.42,-17.91,0,0,DCHG, ,
28191.5,1,2,1,1,1,3300.0,-1.57,12.417,-19.4,-1.43,-18.07,0,0,DCHG, ,
28221.5,1,2,1,1,1,3330.0,-1.57,12.414,-19.4,-1.45,-18.23,0,0,DCHG, ,
28251.5,1,2,1,1,1,3360.0,-1.56,12.41,-19.3,-1.46,-18.4,0,0,DCHG, ,
28281.5,1,2,1,1,1,3390.0,-1.57,12.407,-19.4,-1.47,-18.56,0,0,DCHG, ,
28311.5,1,2,1,1,1,3420.0,-1.57,12.404,-19.4,-1.49,-18.72,0,0,DCHG, ,
28341.5,1,2,1,1,1,3450.0,-1.57,12.4,-19.4,-1.5,-18.88,0,0,DCHG, ,
28371.5,1,2,1,1,1,3480.0,-1.57,12.398,-19.4,-1.51,-19.04,0,0,DCHG, ,
28401.5,1,2,1,1,1,3510.0,-1.57,12.394,-19.4,-1.53,-19.2,0,0,DCHG, ,
28431.5,1,2,1,1,1,3540.0,-1.57,12.391,-19.4,-1.54,-19.37,0,0,DCHG, ,
28461.5,1,2,1,1,1,3570.0,-1.56,12.388,-19.3,-1.55,-19.53,0,0,DCHG, ,
28491.5,1,2,1,1,1,3600.0,-1.57,12.384,-19.4,-1.56,-19.69,0,0,DCHG, ,
28521.5,1,2,1,1,1,3630.0,-1.57,12.381,-19.4,-1.58,-19.85,0,0,DCHG, ,
28551.5,1,2,1,1,1,3660.0,-1.57,12.378,-19.4,-1.59,-20.01,0,0,DCHG, ,
28581.5,1,2,1,1,1,3690.0,-1.56,12.374,-19.3,-1.6,-20.17,0,0,DCHG, ,
28611.5,1,2,1,1,1,3720.0,-1.57,12.371,-19.3,-1.62,-20.33,0,0,DCHG, ,
28641.5,1,2,1,1,1,3750.0,-1.57,12.368,-19.3,-1.63,-20.5,0,0,DCHG, ,
28671.5,1,2,1,1,1,3780.0,-1.57,12.364,-19.4,-1.64,-20.66,0,0,DCHG, ,
28701.5,1,2,1,1,1,3810.0,-1.57,12.361,-19.3,-1.66,-20.82,0,0,DCHG, ,
28731.5,1,2,1,1,1,3840.0,-1.57,12.358,-19.4,-1.67,-20.98,0,0,DCHG, ,
28761.5,1,2,1,1,1,3870.0,-1.57,12.355,-19.3,-1.68,-21.14,0,0,DCHG, ,
28791.5,1,2,1,1,1,3900.0,-1.57,12.351,-19.3,-1.7,-21.3,0,0,DCHG, ,
28821.5,1,2,1,1,1,3930.0,-1.57,12.348,-19.3,-1.71,-21.46,0,0,DCHG, ,
28851.5,1,2,1,1,1,3960.0,-1.57,12.345,-19.3,-1.72,-21.62,0,0,DCHG, ,
28881.5,1,2,1,1,1,3990.0,-1.57,12.341,-19.3,-1.73,-21.78,0,0,DCHG, ,
28911.5,1,2,1,1,1,4020.0,-1.57,12.338,-19.3,-1.75,-21.94,0,0,DCHG, ,
28941.5,1,2,1,1,1,4050.0,-1.57,12.335,-19.3,-1.76,-22.1,0,0,DCHG, ,
28971.5,1,2,1,1,1,4080.0,-1.57,12.331,-19.3,-1.77,-22.27,0,0,DCHG, ,
29001.5,1,2,1,1,1,4110.0,-1.57,12.328,-19.3,-1.79,-22.43,0,0,DCHG, ,
29031.5,1,2,1,1,1,4140.0,-1.57,12.324,-19.3,-1.8,-22.59,0,0,DCHG, ,
29061.5,1,2,1,1,1,4170.0,-1.57,12.321,-19.3,-1.81,-22.75,0,0,DCHG, ,
29091.5,1,2,1,1,1,4200.0,-1.57,12.318,-19.3,-1.83,-22.91,0,0,DCHG, ,
29121.5,1,2,1,1,1,4230.0,-1.57,12.315,-19.3,-1.84,-23.07,0,0,DCHG, ,
29151.5,1,2,1,1,1,4260.0,-1.57,12.312,-19.3,-1.85,-23.23,0,0,DCHG, ,
29181.5,1,2,1,1,1,4290.0,-1.57,12.308,-19.3,-1.87,-23.39,0,0,DCHG, ,
29211.5,1,2,1,1,1,4320.0,-1.57,12.305,-19.2,-1.88,-23.55,0,0,DCHG, ,
29241.5,1,2,1,1,1,4350.0,-1.57,12.302,-19.2,-1.89,-23.71,0,0,DCHG, ,
29271.5,1,2,1,1,1,4380.0,-1.57,12.299,-19.2,-1.9,-23.87,0,0,DCHG, ,
29301.5,1,2,1,1,1,4410.0,-1.57,12.295,-19.2,-1.92,-24.03,0,0,DCHG, ,
29331.5,1,2,1,1,1,4440.0,-1.57,12.292,-19.2,-1.93,-24.19,0,0,DCHG, ,
29361.5,1,2,1,1,1,4470.0,-1.57,12.289,-19.2,-1.94,-24.35,0,0,DCHG, ,
29391.5,1,2,1,1,1,4500.0,-1.57,12.285,-19.2,-1.96,-24.51,0,0,DCHG, ,
29421.5,1,2,1,1,1,4530.0,-1.57,12.282,-19.2,-1.97,-24.67,0,0,DCHG, ,
29451.5,1,2,1,1,1,4560.0,-1.56,12.278,-19.1,-1.98,-24.83,0,0,DCHG, ,
29481.5,1,2,1,1,1,4590.0,-1.57,12.275,-19.2,-2,-24.99,0,0,DCHG, ,
29511.5,1,2,1,1,1,4620.0,-1.57,12.272,-19.2,-2.01,-25.15,0,0,DCHG, ,
29541.5,1,2,1,1,1,4650.0,-1.57,12.269,-19.2,-2.02,-25.31,0,0,DCHG, ,
29571.5,1,2,1,1,1,4680.0,-1.57,12.265,-19.2,-2.04,-25.47,0,0,DCHG, ,
29601.5,1,2,1,1,1,4710.0,-1.57,12.261,-19.2,-2.05,-25.63,0,0,DCHG, ,
29631.5,1,2,1,1,1,4740.0,-1.57,12.258,-19.2,-2.06,-25.79,0,0,DCHG, ,
29661.5,1,2,1,1,1,4770.0,-1.57,12.255,-19.2,-2.07,-25.95,0,0,DCHG, ,
29691.5,1,2,1,1,1,4800.0,-1.57,12.249,-19.2,-2.09,-26.11,0,0,DCHG, ,
29721.5,1,2,1,1,1,4830.0,-1.57,12.248,-19.2,-2.1,-26.27,0,0,DCHG, ,
29751.5,1,2,1,1,1,4860.0,-1.57,12.245,-19.2,-2.11,-26.43,0,0,DCHG, ,
29781.5,1,2,1,1,1,4890.0,-1.57,12.242,-19.1,-2.13,-26.59,0,0,DCHG, ,
29811.5,1,2,1,1,1,4920.0,-1.57,12.238,-19.2,-2.14,-26.75,0,0,DCHG, ,
29841.5,1,2,1,1,1,4950.0,-1.57,12.235,-19.2,-2.15,-26.91,0,0,DCHG, ,
29871.5,1,2,1,1,1,4980.0,-1.57,12.232,-19.2,-2.17,-27.07,0,0,DCHG, ,
29901.5,1,2,1,1,1,5010.0,-1.57,12.228,-19.1,-2.18,-27.23,0,0,DCHG, ,
29931.5,1,2,1,1,1,5040.0,-1.57,12.225,-19.1,-2.19,-27.39,0,0,DCHG, ,
29961.5,1,2,1,1,1,5070.0,-1.56,12.222,-19,-2.21,-27.55,0,0,DCHG, ,
29991.5,1,2,1,1,1,5100.0,-1.57,12.219,-19.1,-2.22,-27.71,0,0,DCHG, ,
30021.5,1,2,1,1,1,5130.0,-1.57,12.215,-19.1,-2.23,-27.86,0,0,DCHG, ,
30051.5,1,2,1,1,1,5160.0,-1.57,12.211,-19.1,-2.24,-28.02,0,0,DCHG, ,
30081.5,1,2,1,1,1,5190.0,-1.57,12.208,-19.1,-2.26,-28.18,0,0,DCHG, ,
30111.5,1,2,1,1,1,5220.0,-1.57,12.205,-19.1,-2.27,-28.34,0,0,DCHG, ,
30141.5,1,2,1,1,1,5250.0,-1.57,12.202,-19.1,-2.28,-28.5,0,0,DCHG, ,
30171.5,1,2,1,1,1,5280.0,-1.57,12.199,-19.1,-2.3,-28.66,0,0,DCHG, ,
30201.5,1,2,1,1,1,5310.0,-1.57,12.195,-19.1,-2.31,-28.82,0,0,DCHG, ,
30231.5,1,2,1,1,1,5340.0,-1.57,12.192,-19.1,-2.32,-28.98,0,0,DCHG, ,
30261.5,1,2,1,1,1,5370.0,-1.57,12.189,-19.1,-2.34,-29.14,0,0,DCHG, ,
30291.5,1,2,1,1,1,5400.0,-1.57,12.185,-19.1,-2.35,-29.3,0,0,DCHG, ,
30321.5,1,2,1,1,1,5430.0,-1.57,12.182,-19.1,-2.36,-29.46,0,0,DCHG, ,
30351.5,1,2,1,1,1,5460.0,-1.57,12.179,-19,-2.38,-29.61,0,0,DCHG, ,
30381.5,1,2,1,1,1,5490.0,-1.57,12.176,-19,-2.39,-29.77,0,0,DCHG, ,
30411.5,1,2,1,1,1,5520.0,-1.57,12.172,-19,-2.4,-29.93,0,0,DCHG, ,
30441.5,1,2,1,1,1,5550.0,-1.57,12.168,-19.1,-2.41,-30.09,0,0,DCHG, ,
30471.5,1,2,1,1,1,5580.0,-1.57,12.166,-19,-2.43,-30.25,0,0,DCHG, ,
30501.5,1,2,1,1,1,5610.0,-1.57,12.162,-19,-2.44,-30.41,0,0,DCHG, ,
30531.5,1,2,1,1,1,5640.0,-1.57,12.159,-19,-2.45,-30.57,0,0,DCHG, ,
30561.5,1,2,1,1,1,5670.0,-1.57,12.156,-19,-2.47,-30.72,0,0,DCHG, ,
30591.5,1,2,1,1,1,5700.0,-1.57,12.152,-19,-2.48,-30.88,0,0,DCHG, ,
30621.5,1,2,1,1,1,5730.0,-1.57,12.149,-19,-2.49,-31.04,0,0,DCHG, ,
30651.5,1,2,1,1,1,5760.0,-1.57,12.146,-19,-2.51,-31.2,0,0,DCHG, ,
30681.5,1,2,1,1,1,5790.0,-1.57,12.142,-19,-2.52,-31.36,0,0,DCHG, ,
30711.5,1,2,1,1,1,5820.0,-1.57,12.139,-19,-2.53,-31.52,0,0,DCHG, ,
30741.5,1,2,1,1,1,5850.0,-1.57,12.136,-19,-2.55,-31.67,0,0,DCHG, ,
30771.5,1,2,1,1,1,5880.0,-1.57,12.132,-19,-2.56,-31.83,0,0,DCHG, ,
30801.5,1,2,1,1,1,5910.0,-1.57,12.129,-19,-2.57,-31.99,0,0,DCHG, ,
30831.5,1,2,1,1,1,5940.0,-1.57,12.126,-19,-2.58,-32.15,0,0,DCHG, ,
30861.5,1,2,1,1,1,5970.0,-1.57,12.122,-19,-2.6,-32.31,0,0,DCHG, ,
30891.5,1,2,1,1,1,6000.0,-1.57,12.119,-19,-2.61,-32.47,0,0,DCHG, ,
30921.5,1,2,1,1,1,6030.0,-1.57,12.116,-19,-2.62,-32.62,0,0,DCHG, ,
30951.5,1,2,1,1,1,6060.0,-1.57,12.113,-18.9,-2.64,-32.78,0,0,DCHG, ,
30981.5,1,2,1,1,1,6090.0,-1.57,12.109,-19,-2.65,-32.94,0,0,DCHG, ,
31011.5,1,2,1,1,1,6120.0,-1.57,12.106,-18.9,-2.66,-33.1,0,0,DCHG, ,
31041.5,1,2,1,1,1,6150.0,-1.57,12.102,-18.9,-2.68,-33.25,0,0,DCHG, ,
31071.5,1,2,1,1,1,6180.0,-1.57,12.099,-18.9,-2.69,-33.41,0,0,DCHG, ,
31101.5,1,2,1,1,1,6210.0,-1.57,12.096,-18.9,-2.7,-33.57,0,0,DCHG, ,
31131.5,1,2,1,1,1,6240.0,-1.57,12.092,-18.9,-2.72,-33.73,0,0,DCHG, ,
31161.5,1,2,1,1,1,6270.0,-1.57,12.089,-18.9,-2.73,-33.88,0,0,DCHG, ,
31191.5,1,2,1,1,1,6300.0,-1.57,12.086,-18.9,-2.74,-34.04,0,0,DCHG, ,
31221.5,1,2,1,1,1,6330.0,-1.57,12.082,-18.9,-2.75,-34.2,0,0,DCHG, ,
31251.5,1,2,1,1,1,6360.0,-1.57,12.079,-18.9,-2.77,-34.36,0,0,DCHG, ,
31281.5,1,2,1,1,1,6390.0,-1.57,12.076,-18.9,-2.78,-34.51,0,0,DCHG, ,
31311.5,1,2,1,1,1,6420.0,-1.57,12.073,-18.9,-2.79,-34.67,0,0,DCHG, ,
31341.5,1,2,1,1,1,6450.0,-1.57,12.069,-18.9,-2.81,-34.83,0,0,DCHG, ,
31371.5,1,2,1,1,1,6480.0,-1.57,12.065,-18.9,-2.82,-34.99,0,0,DCHG, ,
31401.5,1,2,1,1,1,6510.0,-1.57,12.062,-18.9,-2.83,-35.14,0,0,DCHG, ,
31431.5,1,2,1,1,1,6540.0,-1.57,12.059,-18.9,-2.85,-35.3,0,0,DCHG, ,
31461.5,1,2,1,1,1,6570.0,-1.57,12.055,-18.9,-2.86,-35.46,0,0,DCHG, ,
31491.5,1,2,1,1,1,6600.0,-1.57,12.052,-18.8,-2.87,-35.62,0,0,DCHG, ,
31521.5,1,2,1,1,1,6630.0,-1.57,12.049,-18.8,-2.89,-35.77,0,0,DCHG, ,
31551.5,1,2,1,1,1,6660.0,-1.57,12.045,-18.8,-2.9,-35.93,0,0,DCHG, ,
31581.5,1,2,1,1,1,6690.0,-1.57,12.042,-18.8,-2.91,-36.09,0,0,DCHG, ,
31611.5,1,2,1,1,1,6720.0,-1.57,12.039,-18.8,-2.92,-36.24,0,0,DCHG, ,
31641.5,1,2,1,1,1,6750.0,-1.57,12.035,-18.8,-2.94,-36.4,0,0,DCHG, ,
31671.5,1,2,1,1,1,6780.0,-1.57,12.031,-18.8,-2.95,-36.56,0,0,DCHG, ,
31701.5,1,2,1,1,1,6810.0,-1.57,12.028,-18.8,-2.96,-36.71,0,0,DCHG, ,
31731.5,1,2,1,1,1,6840.0,-1.57,12.025,-18.8,-2.98,-36.87,0,0,DCHG, ,
31761.5,1,2,1,1,1,6870.0,-1.57,12.022,-18.8,-2.99,-37.03,0,0,DCHG, ,
31791.5,1,2,1,1,1,6900.0,-1.57,12.019,-18.8,-3,-37.18,0,0,DCHG, ,
31821.5,1,2,1,1,1,6930.0,-1.57,12.015,-18.8,-3.02,-37.34,0,0,DCHG, ,
31851.5,1,2,1,1,1,6960.0,-1.57,12.011,-18.8,-3.03,-37.5,0,0,DCHG, ,
31881.5,1,2,1,1,1,6990.0,-1.56,12.008,-18.7,-3.04,-37.65,0,0,DCHG, ,
31911.5,1,2,1,1,1,7020.0,-1.57,12.004,-18.8,-3.06,-37.81,0,0,DCHG, ,
31941.5,1,2,1,1,1,7050.0,-1.57,12.001,-18.8,-3.07,-37.97,0,0,DCHG, ,
31971.5,1,2,1,1,1,7080.0,-1.57,11.998,-18.8,-3.08,-38.12,0,0,DCHG, ,
32001.5,1,2,1,1,1,7110.0,-1.57,11.994,-18.8,-3.09,-38.28,0,0,DCHG, ,
32031.5,1,2,1,1,1,7140.0,-1.57,11.99,-18.8,-3.11,-38.44,0,0,DCHG, ,
32061.5,1,2,1,1,1,7170.0,-1.57,11.987,-18.7,-3.12,-38.59,0,0,DCHG, ,
32091.5,1,2,1,1,1,7200.0,-1.57,11.984,-18.7,-3.13,-38.75,0,0,DCHG, ,
32121.5,1,2,1,1,1,7230.0,-1.56,11.98,-18.7,-3.15,-38.91,0,0,DCHG, ,
32151.5,1,2,1,1,1,7260.0,-1.57,11.977,-18.7,-3.16,-39.06,0,0,DCHG, ,
32181.5,1,2,1,1,1,7290.0,-1.57,11.973,-18.7,-3.17,-39.22,0,0,DCHG, ,
32211.5,1,2,1,1,1,7320.0,-1.57,11.97,-18.7,-3.19,-39.37,0,0,DCHG, ,
32241.5,1,2,1,1,1,7350.0,-1.57,11.967,-18.7,-3.2,-39.53,0,0,DCHG, ,
32271.5,1,2,1,1,1,7380.0,-1.57,11.963,-18.7,-3.21,-39.68,0,0,DCHG, ,
32301.5,1,2,1,1,1,7410.0,-1.57,11.96,-18.7,-3.23,-39.84,0,0,DCHG, ,
32331.5,1,2,1,1,1,7440.0,-1.57,11.956,-18.7,-3.24,-40,0,0,DCHG, ,
32361.5,1,2,1,1,1,7470.0,-1.57,11.953,-18.7,-3.25,-40.15,0,0,DCHG, ,
32391.5,1,2,1,1,1,7500.0,-1.57,11.949,-18.7,-3.26,-40.31,0,0,DCHG, ,
32421.5,1,2,1,1,1,7530.0,-1.57,11.945,-18.7,-3.28,-40.46,0,0,DCHG, ,
32451.5,1,2,1,1,1,7560.0,-1.57,11.942,-18.7,-3.29,-40.62,0,0,DCHG, ,
32481.5,1,2,1,1,1,7590.0,-1.57,11.939,-18.7,-3.3,-40.78,0,0,DCHG, ,
32511.5,1,2,1,1,1,7620.0,-1.57,11.935,-18.7,-3.32,-40.93,0,0,DCHG, ,
32541.5,1,2,1,1,1,7650.0,-1.57,11.931,-18.7,-3.33,-41.09,0,0,DCHG, ,
32571.5,1,2,1,1,1,7680.0,-1.57,11.928,-18.7,-3.34,-41.24,0,0,DCHG, ,
32601.5,1,2,1,1,1,7710.0,-1.57,11.925,-18.7,-3.36,-41.4,0,0,DCHG, ,
32631.5,1,2,1,1,1,7740.0,-1.57,11.921,-18.7,-3.37,-41.55,0,0,DCHG, ,
32661.5,1,2,1,1,1,7770.0,-1.57,11.917,-18.6,-3.38,-41.71,0,0,DCHG, ,
32691.5,1,2,1,1,1,7800.0,-1.57,11.914,-18.6,-3.4,-41.86,0,0,DCHG, ,
32721.5,1,2,1,1,1,7830.0,-1.57,11.91,-18.6,-3.41,-42.02,0,0,DCHG, ,
32751.5,1,2,1,1,1,7860.0,-1.57,11.907,-18.6,-3.42,-42.17,0,0,DCHG, ,
32781.5,1,2,1,1,1,7890.0,-1.57,11.903,-18.6,-3.43,-42.33,0,0,DCHG, ,
32811.5,1,2,1,1,1,7920.0,-1.57,11.9,-18.6,-3.45,-42.48,0,0,DCHG, ,
32841.5,1,2,1,1,1,7950.0,-1.57,11.897,-18.6,-3.46,-42.64,0,0,DCHG, ,
32871.5,1,2,1,1,1,7980.0,-1.57,11.893,-18.6,-3.47,-42.79,0,0,DCHG, ,
32901.5,1,2,1,1,1,8010.0,-1.57,11.89,-18.6,-3.49,-42.95,0,0,DCHG, ,
32931.5,1,2,1,1,1,8040.0,-1.57,11.886,-18.6,-3.5,-43.1,0,0,DCHG, ,
32961.5,1,2,1,1,1,8070.0,-1.57,11.883,-18.6,-3.51,-43.26,0,0,DCHG, ,
32991.5,1,2,1,1,1,8100.0,-1.57,11.879,-18.6,-3.53,-43.41,0,0,DCHG, ,
33021.5,1,2,1,1,1,8130.0,-1.57,11.875,-18.6,-3.54,-43.57,0,0,DCHG, ,
33051.5,1,2,1,1,1,8160.0,-1.57,11.872,-18.6,-3.55,-43.72,0,0,DCHG, ,
33081.5,1,2,1,1,1,8190.0,-1.57,11.867,-18.6,-3.57,-43.88,0,0,DCHG, ,
33111.5,1,2,1,1,1,8220.0,-1.57,11.864,-18.6,-3.58,-44.03,0,0,DCHG, ,
33141.5,1,2,1,1,1,8250.0,-1.57,11.861,-18.6,-3.59,-44.19,0,0,DCHG, ,
33171.5,1,2,1,1,1,8280.0,-1.57,11.857,-18.6,-3.6,-44.34,0,0,DCHG, ,
33201.5,1,2,1,1,1,8310.0,-1.57,11.853,-18.5,-3.62,-44.5,0,0,DCHG, ,
33231.5,1,2,1,1,1,8340.0,-1.57,11.85,-18.5,-3.63,-44.65,0,0,DCHG, ,
33261.5,1,2,1,1,1,8370.0,-1.57,11.846,-18.5,-3.64,-44.81,0,0,DCHG, ,
33291.5,1,2,1,1,1,8400.0,-1.57,11.842,-18.5,-3.66,-44.96,0,0,DCHG, ,
33321.5,1,2,1,1,1,8430.0,-1.57,11.84,-18.5,-3.67,-45.11,0,0,DCHG, ,
33351.5,1,2,1,1,1,8460.0,-1.57,11.835,-18.5,-3.68,-45.27,0,0,DCHG, ,
33381.5,1,2,1,1,1,8490.0,-1.57,11.832,-18.5,-3.7,-45.42,0,0,DCHG, ,
33411.5,1,2,1,1,1,8520.0,-1.57,11.828,-18.5,-3.71,-45.58,0,0,DCHG, ,
33441.5,1,2,1,1,1,8550.0,-1.57,11.824,-18.5,-3.72,-45.73,0,0,DCHG, ,
33471.5,1,2,1,1,1,8580.0,-1.57,11.821,-18.5,-3.74,-45.89,0,0,DCHG, ,
33501.5,1,2,1,1,1,8610.0,-1.57,11.817,-18.5,-3.75,-46.04,0,0,DCHG, ,
33531.5,1,2,1,1,1,8640.0,-1.57,11.813,-18.5,-3.76,-46.19,0,0,DCHG, ,
33561.5,1,2,1,1,1,8670.0,-1.57,11.809,-18.5,-3.77,-46.35,0,0,DCHG, ,
33591.5,1,2,1,1,1,8700.0,-1.57,11.806,-18.5,-3.79,-46.5,0,0,DCHG, ,
33621.5,1,2,1,1,1,8730.0,-1.57,11.802,-18.5,-3.8,-46.66,0,0,DCHG, ,
33651.5,1,2,1,1,1,8760.0,-1.57,11.798,-18.5,-3.81,-46.81,0,0,DCHG, ,
33681.5,1,2,1,1,1,8790.0,-1.57,11.794,-18.5,-3.83,-46.96,0,0,DCHG, ,
33711.5,1,2,1,1,1,8820.0,-1.57,11.791,-18.4,-3.84,-47.12,0,0,DCHG, ,
33741.5,1,2,1,1,1,8850.0,-1.57,11.787,-18.4,-3.85,-47.27,0,0,DCHG, ,
33771.5,1,2,1,1,1,8880.0,-1.57,11.783,-18.4,-3.87,-47.43,0,0,DCHG, ,
33801.5,1,2,1,1,1,8910.0,-1.57,11.78,-18.4,-3.88,-47.58,0,0,DCHG, ,
33831.5,1,2,1,1,1,8940.0,-1.57,11.776,-18.4,-3.89,-47.73,0,0,DCHG, ,
33861.5,1,2,1,1,1,8970.0,-1.57,11.772,-18.4,-3.91,-47.88,0,0,DCHG, ,
33891.5,1,2,1,1,1,9000.0,-1.57,11.768,-18.4,-3.92,-48.04,0,0,DCHG, ,
33921.5,1,2,1,1,1,9030.0,-1.57,11.764,-18.4,-3.93,-48.19,0,0,DCHG, ,
33951.5,1,2,1,1,1,9060.0,-1.57,11.76,-18.4,-3.94,-48.34,0,0,DCHG, ,
33981.5,1,2,1,1,1,9090.0,-1.57,11.753,-18.4,-3.96,-48.5,0,0,DCHG, ,
34011.5,1,2,1,1,1,9120.0,-1.57,11.749,-18.4,-3.97,-48.65,0,0,DCHG, ,
34041.5,1,2,1,1,1,9150.0,-1.57,11.749,-18.4,-3.98,-48.8,0,0,DCHG, ,
34071.5,1,2,1,1,1,9180.0,-1.57,11.746,-18.4,-4,-48.96,0,0,DCHG, ,
34101.5,1,2,1,1,1,9210.0,-1.57,11.742,-18.4,-4.01,-49.11,0,0,DCHG, ,
34131.5,1,2,1,1,1,9240.0,-1.57,11.738,-18.4,-4.02,-49.26,0,0,DCHG, ,
34161.5,1,2,1,1,1,9270.0,-1.57,11.734,-18.4,-4.04,-49.42,0,0,DCHG, ,
34191.5,1,2,1,1,1,9300.0,-1.57,11.729,-18.3,-4.05,-49.57,0,0,DCHG, ,
34221.5,1,2,1,1,1,9330.0,-1.57,11.726,-18.4,-4.06,-49.72,0,0,DCHG, ,
34251.5,1,2,1,1,1,9360.0,-1.57,11.722,-18.3,-4.08,-49.88,0,0,DCHG, ,
34281.5,1,2,1,1,1,9390.0,-1.57,11.718,-18.3,-4.09,-50.03,0,0,DCHG, ,
34311.5,1,2,1,1,1,9420.0,-1.57,11.714,-18.3,-4.1,-50.18,0,0,DCHG, ,
34341.5,1,2,1,1,1,9450.0,-1.57,11.71,-18.3,-4.11,-50.33,0,0,DCHG, ,
34371.5,1,2,1,1,1,9480.0,-1.57,11.706,-18.3,-4.13,-50.49,0,0,DCHG, ,
34401.5,1,2,1,1,1,9510.0,-1.57,11.702,-18.3,-4.14,-50.64,0,0,DCHG, ,
34431.5,1,2,1,1,1,9540.0,-1.57,11.698,-18.3,-4.15,-50.79,0,0,DCHG, ,
34461.5,1,2,1,1,1,9570.0,-1.57,11.694,-18.3,-4.17,-50.94,0,0,DCHG, ,
34491.5,1,2,1,1,1,9600.0,-1.57,11.69,-18.3,-4.18,-51.1,0,0,DCHG, ,
34521.5,1,2,1,1,1,9630.0,-1.57,11.686,-18.3,-4.19,-51.25,0,0,DCHG, ,
34551.5,1,2,1,1,1,9660.0,-1.57,11.682,-18.3,-4.21,-51.4,0,0,DCHG, ,
34581.5,1,2,1,1,1,9690.0,-1.57,11.678,-18.3,-4.22,-51.55,0,0,DCHG, ,
34611.5,1,2,1,1,1,9720.0,-1.57,11.674,-18.3,-4.23,-51.71,0,0,DCHG, ,
34641.5,1,2,1,1,1,9750.0,-1.57,11.67,-18.3,-4.25,-51.86,0,0,DCHG, ,
34671.5,1,2,1,1,1,9780.0,-1.57,11.666,-18.2,-4.26,-52.01,0,0,DCHG, ,
34701.5,1,2,1,1,1,9810.0,-1.57,11.662,-18.3,-4.27,-52.16,0,0,DCHG, ,
34731.5,1,2,1,1,1,9840.0,-1.57,11.657,-18.3,-4.28,-52.31,0,0,DCHG, ,
34761.5,1,2,1,1,1,9870.0,-1.57,11.653,-18.2,-4.3,-52.47,0,0,DCHG, ,
34791.5,1,2,1,1,1,9900.0,-1.57,11.649,-18.2,-4.31,-52.62,0,0,DCHG, ,
34821.5,1,2,1,1,1,9930.0,-1.57,11.644,-18.2,-4.32,-52.77,0,0,DCHG, ,
34851.5,1,2,1,1,1,9960.0,-1.57,11.641,-18.2,-4.34,-52.92,0,0,DCHG, ,
34881.5,1,2,1,1,1,9990.0,-1.56,11.636,-18.1,-4.35,-53.07,0,0,DCHG, ,
34911.5,1,2,1,1,1,10020.0,-1.57,11.632,-18.2,-4.36,-53.22,0,0,DCHG, ,
34941.5,1,2,1,1,1,10050.0,-1.57,11.628,-18.2,-4.38,-53.38,0,0,DCHG, ,
34971.5,1,2,1,1,1,10080.0,-1.57,11.624,-18.2,-4.39,-53.53,0,0,DCHG, ,
35001.5,1,2,1,1,1,10110.0,-1.57,11.619,-18.2,-4.4,-53.68,0,0,DCHG, ,
35031.5,1,2,1,1,1,10140.0,-1.57,11.615,-18.2,-4.42,-53.83,0,0,DCHG, ,
35061.5,1,2,1,1,1,10170.0,-1.57,11.61,-18.2,-4.43,-53.98,0,0,DCHG, ,
35091.5,1,2,1,1,1,10200.0,-1.57,11.606,-18.2,-4.44,-54.13,0,0,DCHG, ,
35121.5,1,2,1,1,1,10230.0,-1.57,11.602,-18.1,-4.45,-54.29,0,0,DCHG, ,
35151.5,1,2,1,1,1,10260.0,-1.57,11.598,-18.1,-4.47,-54.44,0,0,DCHG, ,
35181.5,1,2,1,1,1,10290.0,-1.57,11.593,-18.1,-4.48,-54.59,0,0,DCHG, ,
35211.5,1,2,1,1,1,10320.0,-1.57,11.589,-18.1,-4.49,-54.74,0,0,DCHG, ,
35241.5,1,2,1,1,1,10350.0,-1.57,11.584,-18.1,-4.51,-54.89,0,0,DCHG, ,
35271.5,1,2,1,1,1,10380.0,-1.57,11.58,-18.1,-4.52,-55.04,0,0,DCHG, ,
35301.5,1,2,1,1,1,10410.0,-1.57,11.576,-18.1,-4.53,-55.19,0,0,DCHG, ,
35331.5,1,2,1,1,1,10440.0,-1.57,11.571,-18.1,-4.55,-55.34,0,0,DCHG, ,
35361.5,1,2,1,1,1,10470.0,-1.57,11.566,-18.1,-4.56,-55.49,0,0,DCHG, ,
35391.5,1,2,1,1,1,10500.0,-1.57,11.562,-18.1,-4.57,-55.64,0,0,DCHG, ,
35421.5,1,2,1,1,1,10530.0,-1.57,11.557,-18.1,-4.59,-55.79,0,0,DCHG, ,
35451.5,1,2,1,1,1,10560.0,-1.57,11.553,-18.1,-4.6,-55.95,0,0,DCHG, ,
35481.5,1,2,1,1,1,10590.0,-1.57,11.548,-18.1,-4.61,-56.1,0,0,DCHG, ,
35511.5,1,2,1,1,1,10620.0,-1.57,11.544,-18.1,-4.62,-56.25,0,0,DCHG, ,
35541.5,1,2,1,1,1,10650.0,-1.57,11.539,-18.1,-4.64,-56.4,0,0,DCHG, ,
35571.5,1,2,1,1,1,10680.0,-1.57,11.534,-18,-4.65,-56.55,0,0,DCHG, ,
35601.5,1,2,1,1,1,10710.0,-1.57,11.53,-18,-4.66,-56.7,0,0,DCHG, ,
35631.5,1,2,1,1,1,10740.0,-1.57,11.525,-18,-4.68,-56.85,0,0,DCHG, ,
35661.5,1,2,1,1,1,10770.0,-1.57,11.52,-18,-4.69,-57,0,0,DCHG, ,
35691.5,1,2,1,1,1,10800.0,-1.56,11.515,-17.9,-4.7,-57.15,0,0,DCHG, ,
35721.5,1,2,1,1,1,10830.0,-1.57,11.511,-18,-4.72,-57.3,0,0,DCHG, ,
35751.5,1,2,1,1,1,10860.0,-1.57,11.506,-18,-4.73,-57.45,0,0,DCHG, ,
35781.5,1,2,1,1,1,10890.0,-1.57,11.501,-18,-4.74,-57.6,0,0,DCHG, ,
35811.5,1,2,1,1,1,10920.0,-1.57,11.496,-18,-4.76,-57.75,0,0,DCHG, ,
35841.5,1,2,1,1,1,10950.0,-1.57,11.491,-18,-4.77,-57.9,0,0,DCHG, ,
35871.5,1,2,1,1,1,10980.0,-1.57,11.487,-18,-4.78,-58.05,0,0,DCHG, ,
35901.5,1,2,1,1,1,11010.0,-1.57,11.482,-18,-4.79,-58.2,0,0,DCHG, ,
35931.5,1,2,1,1,1,11040.0,-1.57,11.477,-18,-4.81,-58.35,0,0,DCHG, ,
35961.5,1,2,1,1,1,11070.0,-1.57,11.472,-18,-4.82,-58.5,0,0,DCHG, ,
35991.5,1,2,1,1,1,11100.0,-1.57,11.467,-17.9,-4.83,-58.65,0,0,DCHG, ,
36021.5,1,2,1,1,1,11130.0,-1.57,11.461,-17.9,-4.85,-58.8,0,0,DCHG, ,
36051.5,1,2,1,1,1,11160.0,-1.57,11.457,-17.9,-4.86,-58.94,0,0,DCHG, ,
36081.5,1,2,1,1,1,11190.0,-1.57,11.452,-17.9,-4.87,-59.09,0,0,DCHG, ,
36111.5,1,2,1,1,1,11220.0,-1.57,11.446,-17.9,-4.89,-59.24,0,0,DCHG, ,
36141.5,1,2,1,1,1,11250.0,-1.57,11.441,-17.9,-4.9,-59.39,0,0,DCHG, ,
36171.5,1,2,1,1,1,11280.0,-1.57,11.436,-17.9,-4.91,-59.54,0,0,DCHG, ,
36201.5,1,2,1,1,1,11310.0,-1.57,11.431,-17.9,-4.93,-59.69,0,0,DCHG, ,
36231.5,1,2,1,1,1,11340.0,-1.57,11.426,-17.9,-4.94,-59.84,0,0,DCHG, ,
36261.5,1,2,1,1,1,11370.0,-1.57,11.42,-17.9,-4.95,-59.99,0,0,DCHG, ,
36291.5,1,2,1,1,1,11400.0,-1.57,11.416,-17.9,-4.96,-60.14,0,0,DCHG, ,
36321.5,1,2,1,1,1,11430.0,-1.57,11.41,-17.8,-4.98,-60.29,0,0,DCHG, ,
36351.5,1,2,1,1,1,11460.0,-1.57,11.405,-17.8,-4.99,-60.44,0,0,DCHG, ,
36381.5,1,2,1,1,1,11490.0,-1.56,11.4,-17.7,-5,-60.58,0,0,DCHG, ,
36411.5,1,2,1,1,1,11520.0,-1.57,11.394,-17.8,-5.02,-60.73,0,0,DCHG, ,
36441.5,1,2,1,1,1,11550.0,-1.57,11.389,-17.8,-5.03,-60.88,0,0,DCHG, ,
36471.5,1,2,1,1,1,11580.0,-1.57,11.384,-17.8,-5.04,-61.03,0,0,DCHG, ,
36501.5,1,2,1,1,1,11610.0,-1.57,11.378,-17.8,-5.06,-61.18,0,0,DCHG, ,
36531.5,1,2,1,1,1,11640.0,-1.57,11.372,-17.8,-5.07,-61.33,0,0,DCHG, ,
36561.5,1,2,1,1,1,11670.0,-1.57,11.366,-17.8,-5.08,-61.47,0,0,DCHG, ,
36591.5,1,2,1,1,1,11700.0,-1.57,11.361,-17.8,-5.1,-61.62,0,0,DCHG, ,
36621.5,1,2,1,1,1,11730.0,-1.57,11.355,-17.8,-5.11,-61.77,0,0,DCHG, ,
36651.5,1,2,1,1,1,11760.0,-1.57,11.35,-17.8,-5.12,-61.92,0,0,DCHG, ,
36681.5,1,2,1,1,1,11790.0,-1.57,11.344,-17.7,-5.14,-62.07,0,0,DCHG, ,
36711.5,1,2,1,1,1,11820.0,-1.57,11.338,-17.7,-5.15,-62.21,0,0,DCHG, ,
36741.5,1,2,1,1,1,11850.0,-1.57,11.333,-17.7,-5.16,-62.36,0,0,DCHG, ,
36771.5,1,2,1,1,1,11880.0,-1.57,11.326,-17.7,-5.17,-62.51,0,0,DCHG, ,
36801.5,1,2,1,1,1,11910.0,-1.57,11.321,-17.7,-5.19,-62.66,0,0,DCHG, ,
36831.5,1,2,1,1,1,11940.0,-1.57,11.314,-17.7,-5.2,-62.8,0,0,DCHG, ,
36861.5,1,2,1,1,1,11970.0,-1.57,11.308,-17.7,-5.21,-62.95,0,0,DCHG, ,
36891.5,1,2,1,1,1,12000.0,-1.57,11.302,-17.7,-5.23,-63.1,0,0,DCHG, ,
36921.5,1,2,1,1,1,12030.0,-1.57,11.297,-17.7,-5.24,-63.25,0,0,DCHG, ,
36951.5,1,2,1,1,1,12060.0,-1.57,11.29,-17.7,-5.25,-63.39,0,0,DCHG, ,
36981.5,1,2,1,1,1,12090.0,-1.57,11.283,-17.7,-5.27,-63.54,0,0,DCHG, ,
37011.5,1,2,1,1,1,12120.0,-1.57,11.278,-17.6,-5.28,-63.69,0,0,DCHG, ,
37041.5,1,2,1,1,1,12150.0,-1.57,11.272,-17.6,-5.29,-63.84,0,0,DCHG, ,
37071.5,1,2,1,1,1,12180.0,-1.57,11.265,-17.6,-5.31,-63.98,0,0,DCHG, ,
37101.5,1,2,1,1,1,12210.0,-1.57,11.258,-17.6,-5.32,-64.13,0,0,DCHG, ,
37131.5,1,2,1,1,1,12240.0,-1.57,11.252,-17.6,-5.33,-64.28,0,0,DCHG, ,
37161.5,1,2,1,1,1,12270.0,-1.57,11.245,-17.6,-5.34,-64.42,0,0,DCHG, ,
37191.5,1,2,1,1,1,12300.0,-1.56,11.238,-17.5,-5.36,-64.57,0,0,DCHG, ,
37221.5,1,2,1,1,1,12330.0,-1.57,11.231,-17.6,-5.37,-64.71,0,0,DCHG, ,
37251.5,1,2,1,1,1,12360.0,-1.57,11.225,-17.6,-5.38,-64.86,0,0,DCHG, ,
37281.5,1,2,1,1,1,12390.0,-1.57,11.217,-17.5,-5.4,-65.01,0,0,DCHG, ,
37311.5,1,2,1,1,1,12420.0,-1.57,11.21,-17.5,-5.41,-65.15,0,0,DCHG, ,
37341.5,1,2,1,1,1,12450.0,-1.57,11.203,-17.5,-5.42,-65.3,0,0,DCHG, ,
37371.5,1,2,1,1,1,12480.0,-1.57,11.195,-17.5,-5.44,-65.45,0,0,DCHG, ,
37401.5,1,2,1,1,1,12510.0,-1.57,11.188,-17.5,-5.45,-65.59,0,0,DCHG, ,
37431.5,1,2,1,1,1,12540.0,-1.57,11.18,-17.5,-5.46,-65.74,0,0,DCHG, ,
37461.5,1,2,1,1,1,12570.0,-1.57,11.173,-17.5,-5.48,-65.88,0,0,DCHG, ,
37491.5,1,2,1,1,1,12600.0,-1.57,11.165,-17.5,-5.49,-66.03,0,0,DCHG, ,
37521.5,1,2,1,1,1,12630.0,-1.57,11.156,-17.5,-5.5,-66.17,0,0,DCHG, ,
37551.5,1,2,1,1,1,12660.0,-1.57,11.148,-17.5,-5.51,-66.32,0,0,DCHG, ,
37581.5,1,2,1,1,1,12690.0,-1.57,11.139,-17.4,-5.53,-66.47,0,0,DCHG, ,
37611.5,1,2,1,1,1,12720.0,-1.57,11.131,-17.4,-5.54,-66.61,0,0,DCHG, ,
37641.5,1,2,1,1,1,12750.0,-1.57,11.123,-17.4,-5.55,-66.76,0,0,DCHG, ,
37671.5,1,2,1,1,1,12780.0,-1.57,11.114,-17.4,-5.57,-66.9,0,0,DCHG, ,
37701.5,1,2,1,1,1,12810.0,-1.57,11.104,-17.4,-5.58,-67.05,0,0,DCHG, ,
37731.5,1,2,1,1,1,12840.0,-1.57,11.095,-17.4,-5.59,-67.19,0,0,DCHG, ,
37761.5,1,2,1,1,1,12870.0,-1.57,11.086,-17.3,-5.61,-67.33,0,0,DCHG, ,
37791.5,1,2,1,1,1,12900.0,-1.57,11.076,-17.3,-5.62,-67.48,0,0,DCHG, ,
37821.5,1,2,1,1,1,12930.0,-1.57,11.066,-17.3,-5.63,-67.62,0,0,DCHG, ,
37851.5,1,2,1,1,1,12960.0,-1.57,11.056,-17.3,-5.65,-67.77,0,0,DCHG, ,
37881.5,1,2,1,1,1,12990.0,-1.57,11.045,-17.3,-5.66,-67.91,0,0,DCHG, ,
37911.5,1,2,1,1,1,13020.0,-1.57,11.034,-17.3,-5.67,-68.06,0,0,DCHG, ,
37941.5,1,2,1,1,1,13050.0,-1.57,11.023,-17.2,-5.68,-68.2,0,0,DCHG, ,
37971.5,1,2,1,1,1,13080.0,-1.57,11.011,-17.2,-5.7,-68.34,0,0,DCHG, ,
38001.5,1,2,1,1,1,13110.0,-1.57,10.999,-17.2,-5.71,-68.49,0,0,DCHG, ,
38031.5,1,2,1,1,1,13140.0,-1.57,10.987,-17.2,-5.72,-68.63,0,0,DCHG, ,
38061.5,1,2,1,1,1,13170.0,-1.57,10.974,-17.2,-5.74,-68.77,0,0,DCHG, ,
38091.5,1,2,1,1,1,13200.0,-1.57,10.961,-17.2,-5.75,-68.92,0,0,DCHG, ,
38121.5,1,2,1,1,1,13230.0,-1.57,10.946,-17.1,-5.76,-69.06,0,0,DCHG, ,
38151.5,1,2,1,1,1,13260.0,-1.57,10.932,-17.1,-5.78,-69.2,0,0,DCHG, ,
38181.5,1,2,1,1,1,13290.0,-1.57,10.916,-17.1,-5.79,-69.34,0,0,DCHG, ,
38211.5,1,2,1,1,1,13320.0,-1.57,10.9,-17.1,-5.8,-69.49,0,0,DCHG, ,
38241.5,1,2,1,1,1,13350.0,-1.57,10.883,-17,-5.82,-69.63,0,0,DCHG, ,
38271.5,1,2,1,1,1,13380.0,-1.57,10.865,-17,-5.83,-69.77,0,0,DCHG, ,
38301.5,1,2,1,1,1,13410.0,-1.57,10.846,-17,-5.84,-69.91,0,0,DCHG, ,
38331.5,1,2,1,1,1,13440.0,-1.57,10.824,-16.9,-5.85,-70.05,0,0,DCHG, ,
38361.5,1,2,1,1,1,13470.0,-1.56,10.803,-16.8,-5.87,-70.19,0,0,DCHG, ,
38391.5,1,2,1,1,1,13500.0,-1.57,10.779,-16.9,-5.88,-70.33,0,0,DCHG, ,
38421.5,1,2,1,1,1,13530.0,-1.57,10.752,-16.8,-5.89,-70.47,0,0,DCHG, ,
38451.5,1,2,1,1,1,13560.0,-1.57,10.723,-16.8,-5.91,-70.61,0,0,DCHG, ,
38481.5,1,2,1,1,1,13590.0,-1.57,10.691,-16.7,-5.92,-70.75,0,0,DCHG, ,
38511.5,1,2,1,1,1,13620.0,-1.57,10.655,-16.7,-5.93,-70.89,0,0,DCHG, ,
38541.5,1,2,1,1,1,13650.0,-1.57,10.615,-16.6,-5.95,-71.03,0,0,DCHG, ,
38571.5,1,2,1,1,1,13680.0,-1.57,10.568,-16.5,-5.96,-71.17,0,0,DCHG, ,
38601.5,1,2,1,1,1,13710.0,-1.57,10.514,-16.5,-5.97,-71.31,0,0,DCHG, ,
38609.0,1,2,1,1,1,13717.5,-1.57,10.5,-16.4,-5.98,-71.34,0,0,DCHG,S,
38639.0,1,2,1,1,2,30.0,0,10.931,0,0,0,0,0,REST, ,
38669.0,1,2,1,1,2,60.0,0,10.98,0,0,0,0,0,REST, ,
38699.0,1,2,1,1,2,90.0,-0.01,11.013,0,0,0,0,0,REST, ,
38729.0,1,2,1,1,2,120.0,0,11.04,0,0,0,0,0,REST, ,
38759.0,1,2,1,1,2,150.0,0,11.06,0,0,0,0,0,REST, ,
38789.0,1,2,1,1,2,180.0,0,11.078,0,0,0,0,0,REST, ,
38819.0,1,2,1,1,2,210.0,0,11.093,0,0,0,0,0,REST, ,
38849.0,1,2,1,1,2,240.0,0,11.105,0,0,0,0,0,REST, ,
38879.0,1,2,1,1,2,270.0,0,11.117,0,0,0,0,0,REST, ,
38909.0,1,2,1,1,2,300.0,0,11.127,0,0,0,0,0,REST, ,
38939.0,1,2,1,1,2,330.0,0,11.136,0,0,0,0,0,REST, ,
38969.0,1,2,1,1,2,360.0,-0.01,11.144,0,0,0,0,0,REST, ,
38999.0,1,2,1,1,2,390.0,0,11.151,0,0,0,0,0,REST, ,
39029.0,1,2,1,1,2,420.0,0,11.158,0,0,0,0,0,REST, ,
39059.0,1,2,1,1,2,450.0,0,11.165,0,0,0,0,0,REST, ,
39089.0,1,2,1,1,2,480.0,-0.01,11.17,0,0,0,0,0,REST, ,
39119.0,1,2,1,1,2,510.0,0,11.176,0,0,0,0,0,REST, ,
39149.0,1,2,1,1,2,540.0,0,11.181,0,0,0,0,0,REST, ,
39179.0,1,2,1,1,2,570.0,-0.01,11.186,0,0,0,0,0,REST, ,
39209.0,1,2,1,1,2,600.0,0,11.19,0,0,0,0,0,REST,S,
39269.0,1,2,1,1,3,60.0,2,11.661,23.3,0.03,0.38,0,0,CHRG, ,
39329.0,1,2,1,1,3,120.0,2,11.737,23.4,0.06,0.77,0,0,CHRG, ,
39389.0,1,2,1,1,3,180.0,2,11.788,23.5,0.09,1.16,0,0,CHRG, ,
39449.0,1,2,1,1,3,240.0,2,11.827,23.6,0.13,1.55,0,0,CHRG, ,
39509.0,1,2,1,1,3,300.0,2,11.858,23.7,0.16,1.95,0,0,CHRG, ,
39569.0,1,2,1,1,3,360.0,2,11.886,23.7,0.19,2.34,0,0,CHRG, ,
39629.0,1,2,1,1,3,420.0,2,11.909,23.7,0.23,2.74,0,0,CHRG, ,
39689.0,1,2,1,1,3,480.0,2,11.931,23.8,0.26,3.13,0,0,CHRG, ,
39749.0,1,2,1,1,3,540.0,2,11.951,23.8,0.29,3.53,0,0,CHRG, ,
39809.0,1,2,1,1,3,600.0,2,11.97,23.9,0.33,3.93,0,0,CHRG, ,
39869.0,1,2,1,1,3,660.0,2,11.988,23.9,0.36,4.32,0,0,CHRG, ,
39929.0,1,2,1,1,3,720.0,2,12.006,23.9,0.39,4.72,0,0,CHRG, ,
39989.0,1,2,1,1,3,780.0,1.99,12.023,23.9,0.43,5.12,0,0,CHRG, ,
40049.0,1,2,1,1,3,840.0,2,12.039,24,0.46,5.52,0,0,CHRG, ,
40109.0,1,2,1,1,3,900.0,2,12.055,24,0.49,5.92,0,0,CHRG, ,
40169.0,1,2,1,1,3,960.0,2,12.072,24.1,0.53,6.32,0,0,CHRG, ,
40229.0,1,2,1,1,3,1020.0,2,12.088,24.1,0.56,6.72,0,0,CHRG, ,
40289.0,1,2,1,1,3,1080.0,2,12.103,24.1,0.59,7.13,0,0,CHRG, ,
40349.0,1,2,1,1,3,1140.0,2,12.119,24.2,0.63,7.53,0,0,CHRG, ,
40409.0,1,2,1,1,3,1200.0,2,12.134,24.2,0.66,7.93,0,0,CHRG, ,
40469.0,1,2,1,1,3,1260.0,1.99,12.149,24.2,0.69,8.34,0,0,CHRG, ,
40529.0,1,2,1,1,3,1320.0,2,12.165,24.3,0.73,8.74,0,0,CHRG, ,
40589.0,1,2,1,1,3,1380.0,2,12.18,24.3,0.76,9.14,0,0,CHRG, ,
40649.0,1,2,1,1,3,1440.0,2,12.195,24.3,0.79,9.55,0,0,CHRG, ,
40709.0,1,2,1,1,3,1500.0,2,12.21,24.3,0.83,9.95,0,0,CHRG, ,
40769.0,1,2,1,1,3,1560.0,2,12.224,24.4,0.86,10.36,0,0,CHRG, ,
40829.0,1,2,1,1,3,1620.0,2,12.238,24.4,0.89,10.77,0,0,CHRG, ,
40889.0,1,2,1,1,3,1680.0,2,12.253,24.5,0.93,11.17,0,0,CHRG, ,
40949.0,1,2,1,1,3,1740.0,2,12.268,24.5,0.96,11.58,0,0,CHRG, ,
41009.0,1,2,1,1,3,1800.0,2,12.282,24.5,0.99,11.99,0,0,CHRG, ,
41069.0,1,2,1,1,3,1860.0,2,12.296,24.5,1.03,12.4,0,0,CHRG, ,
41129.0,1,2,1,1,3,1920.0,2,12.31,24.6,1.06,12.81,0,0,CHRG, ,
41189.0,1,2,1,1,3,1980.0,2,12.324,24.6,1.09,13.22,0,0,CHRG, ,
41249.0,1,2,1,1,3,2040.0,2,12.338,24.6,1.13,13.63,0,0,CHRG, ,
41309.0,1,2,1,1,3,2100.0,2,12.352,24.6,1.16,14.04,0,0,CHRG, ,
41369.0,1,2,1,1,3,2160.0,2,12.365,24.7,1.19,14.45,0,0,CHRG, ,
41429.0,1,2,1,1,3,2220.0,2,12.379,24.7,1.23,14.86,0,0,CHRG, ,
41489.0,1,2,1,1,3,2280.0,2,12.392,24.7,1.26,15.27,0,0,CHRG, ,
41549.0,1,2,1,1,3,2340.0,2,12.405,24.7,1.29,15.68,0,0,CHRG, ,
41609.0,1,2,1,1,3,2400.0,2,12.418,24.8,1.33,16.09,0,0,CHRG, ,
41669.0,1,2,1,1,3,2460.0,2,12.431,24.8,1.36,16.51,0,0,CHRG, ,
41729.0,1,2,1,1,3,2520.0,2,12.445,24.8,1.39,16.92,0,0,CHRG, ,
41789.0,1,2,1,1,3,2580.0,2,12.458,24.8,1.43,17.33,0,0,CHRG, ,
41849.0,1,2,1,1,3,2640.0,2,12.471,24.9,1.46,17.75,0,0,CHRG, ,
41909.0,1,2,1,1,3,2700.0,2,12.484,24.9,1.49,18.16,0,0,CHRG, ,
41969.0,1,2,1,1,3,2760.0,2,12.496,24.9,1.53,18.58,0,0,CHRG, ,
42029.0,1,2,1,1,3,2820.0,2,12.509,24.9,1.56,18.99,0,0,CHRG, ,
42089.0,1,2,1,1,3,2880.0,2,12.521,25,1.59,19.41,0,0,CHRG, ,
42149.0,1,2,1,1,3,2940.0,2,12.534,25,1.63,19.83,0,0,CHRG, ,
42209.0,1,2,1,1,3,3000.0,2,12.546,25,1.66,20.24,0,0,CHRG, ,
42269.0,1,2,1,1,3,3060.0,2,12.558,25,1.69,20.66,0,0,CHRG, ,
42329.0,1,2,1,1,3,3120.0,2,12.571,25.1,1.73,21.08,0,0,CHRG, ,
42389.0,1,2,1,1,3,3180.0,2,12.583,25.1,1.76,21.49,0,0,CHRG, ,
42449.0,1,2,1,1,3,3240.0,2,12.595,25.1,1.79,21.91,0,0,CHRG, ,
42509.0,1,2,1,1,3,3300.0,2,12.606,25.1,1.83,22.33,0,0,CHRG, ,
42569.0,1,2,1,1,3,3360.0,2,12.618,25.2,1.86,22.75,0,0,CHRG, ,
42629.0,1,2,1,1,3,3420.0,2,12.63,25.2,1.89,23.17,0,0,CHRG, ,
42689.0,1,2,1,1,3,3480.0,2,12.642,25.2,1.93,23.59,0,0,CHRG, ,
42749.0,1,2,1,1,3,3540.0,2,12.654,25.2,1.96,24.01,0,0,CHRG, ,
42809.0,1,2,1,1,3,3600.0,2,12.665,25.3,1.99,24.43,0,0,CHRG, ,
42869.0,1,2,1,1,3,3660.0,2,12.676,25.3,2.03,24.85,0,0,CHRG, ,
42929.0,1,2,1,1,3,3720.0,2,12.688,25.3,2.06,25.27,0,0,CHRG, ,
42989.0,1,2,1,1,3,3780.0,2,12.699,25.3,2.09,25.7,0,0,CHRG, ,
43049.0,1,2,1,1,3,3840.0,2,12.71,25.3,2.13,26.12,0,0,CHRG, ,
43109.0,1,2,1,1,3,3900.0,2,12.721,25.4,2.16,26.54,0,0,CHRG, ,
43169.0,1,2,1,1,3,3960.0,2,12.733,25.4,2.19,26.96,0,0,CHRG, ,
43229.0,1,2,1,1,3,4020.0,2,12.744,25.4,2.23,27.39,0,0,CHRG, ,
43289.0,1,2,1,1,3,4080.0,2,12.754,25.4,2.26,27.81,0,0,CHRG, ,
43349.0,1,2,1,1,3,4140.0,2,12.766,25.5,2.29,28.23,0,0,CHRG, ,
43409.0,1,2,1,1,3,4200.0,2,12.777,25.5,2.33,28.66,0,0,CHRG, ,
43469.0,1,2,1,1,3,4260.0,2,12.788,25.5,2.36,29.08,0,0,CHRG, ,
43529.0,1,2,1,1,3,4320.0,2,12.799,25.5,2.39,29.51,0,0,CHRG, ,
43589.0,1,2,1,1,3,4380.0,2,12.81,25.5,2.43,29.93,0,0,CHRG, ,
43649.0,1,2,1,1,3,4440.0,2,12.82,25.6,2.46,30.36,0,0,CHRG, ,
43709.0,1,2,1,1,3,4500.0,2,12.831,25.6,2.49,30.79,0,0,CHRG, ,
43769.0,1,2,1,1,3,4560.0,2,12.842,25.6,2.53,31.21,0,0,CHRG, ,
43829.0,1,2,1,1,3,4620.0,2,12.853,25.6,2.56,31.64,0,0,CHRG, ,
43889.0,1,2,1,1,3,4680.0,1.99,12.864,25.6,2.59,32.07,0,0,CHRG, ,
43949.0,1,2,1,1,3,4740.0,2,12.875,25.7,2.63,32.49,0,0,CHRG, ,
44009.0,1,2,1,1,3,4800.0,2,12.886,25.7,2.66,32.92,0,0,CHRG, ,
44069.0,1,2,1,1,3,4860.0,2,12.897,25.7,2.69,33.35,0,0,CHRG, ,
44129.0,1,2,1,1,3,4920.0,2,12.908,25.7,2.73,33.78,0,0,CHRG, ,
44189.0,1,2,1,1,3,4980.0,2,12.919,25.8,2.76,34.21,0,0,CHRG, ,
44249.0,1,2,1,1,3,5040.0,2,12.93,25.8,2.79,34.64,0,0,CHRG, ,
44309.0,1,2,1,1,3,5100.0,2,12.941,25.8,2.83,35.07,0,0,CHRG, ,
44369.0,1,2,1,1,3,5160.0,2,12.952,25.8,2.86,35.5,0,0,CHRG, ,
44429.0,1,2,1,1,3,5220.0,2,12.964,25.9,2.89,35.93,0,0,CHRG, ,
44489.0,1,2,1,1,3,5280.0,2,12.975,25.9,2.93,36.36,0,0,CHRG, ,
44549.0,1,2,1,1,3,5340.0,2,12.986,25.9,2.96,36.79,0,0,CHRG, ,
44609.0,1,2,1,1,3,5400.0,2,12.998,25.9,2.99,37.22,0,0,CHRG, ,
44669.0,1,2,1,1,3,5460.0,2,13.009,25.9,3.03,37.65,0,0,CHRG, ,
44729.0,1,2,1,1,3,5520.0,2,13.02,26,3.06,38.09,0,0,CHRG, ,
44789.0,1,2,1,1,3,5580.0,2,13.032,26,3.09,38.52,0,0,CHRG, ,
44849.0,1,2,1,1,3,5640.0,1.99,13.043,25.9,3.13,38.95,0,0,CHRG, ,
44909.0,1,2,1,1,3,5700.0,2,13.056,26,3.16,39.39,0,0,CHRG, ,
44969.0,1,2,1,1,3,5760.0,2,13.067,26.1,3.19,39.82,0,0,CHRG, ,
45029.0,1,2,1,1,3,5820.0,2,13.079,26.1,3.23,40.26,0,0,CHRG, ,
45089.0,1,2,1,1,3,5880.0,2,13.091,26.1,3.26,40.69,0,0,CHRG, ,
45149.0,1,2,1,1,3,5940.0,1.99,13.103,26.1,3.29,41.13,0,0,CHRG, ,
45209.0,1,2,1,1,3,6000.0,2,13.115,26.1,3.33,41.56,0,0,CHRG, ,
45269.0,1,2,1,1,3,6060.0,2,13.127,26.2,3.36,42,0,0,CHRG, ,
45329.0,1,2,1,1,3,6120.0,2,13.14,26.2,3.39,42.43,0,0,CHRG, ,
45389.0,1,2,1,1,3,6180.0,2,13.153,26.2,3.43,42.87,0,0,CHRG, ,
45449.0,1,2,1,1,3,6240.0,2,13.165,26.3,3.46,43.31,0,0,CHRG, ,
45509.0,1,2,1,1,3,6300.0,2,13.178,26.3,3.49,43.75,0,0,CHRG, ,
45569.0,1,2,1,1,3,6360.0,2,13.191,26.3,3.53,44.18,0,0,CHRG, ,
45629.0,1,2,1,1,3,6420.0,2,13.204,26.4,3.56,44.62,0,0,CHRG, ,
45689.0,1,2,1,1,3,6480.0,2,13.217,26.4,3.59,45.06,0,0,CHRG, ,
45749.0,1,2,1,1,3,6540.0,2,13.231,26.4,3.63,45.5,0,0,CHRG, ,
45809.0,1,2,1,1,3,6600.0,2,13.244,26.4,3.66,45.94,0,0,CHRG, ,
45869.0,1,2,1,1,3,6660.0,2,13.258,26.4,3.69,46.38,0,0,CHRG, ,
45929.0,1,2,1,1,3,6720.0,2,13.272,26.5,3.73,46.82,0,0,CHRG, ,
45989.0,1,2,1,1,3,6780.0,2,13.286,26.5,3.76,47.26,0,0,CHRG, ,
46049.0,1,2,1,1,3,6840.0,2,13.301,26.5,3.79,47.7,0,0,CHRG, ,
46109.0,1,2,1,1,3,6900.0,2,13.314,26.5,3.83,48.15,0,0,CHRG, ,
46169.0,1,2,1,1,3,6960.0,2,13.329,26.6,3.86,48.59,0,0,CHRG, ,
46229.0,1,2,1,1,3,7020.0,2,13.344,26.6,3.89,49.03,0,0,CHRG, ,
46289.0,1,2,1,1,3,7080.0,2,13.359,26.6,3.93,49.48,0,0,CHRG, ,
46349.0,1,2,1,1,3,7140.0,2,13.374,26.7,3.96,49.92,0,0,CHRG, ,
46409.0,1,2,1,1,3,7200.0,2,13.39,26.7,3.99,50.37,0,0,CHRG, ,
46469.0,1,2,1,1,3,7260.0,2,13.406,26.7,4.03,50.81,0,0,CHRG, ,
46529.0,1,2,1,1,3,7320.0,2,13.422,26.8,4.06,51.26,0,0,CHRG, ,
46589.0,1,2,1,1,3,7380.0,2,13.439,26.8,4.09,51.7,0,0,CHRG, ,
46649.0,1,2,1,1,3,7440.0,2,13.455,26.8,4.13,52.15,0,0,CHRG, ,
46709.0,1,2,1,1,3,7500.0,2,13.473,26.9,4.16,52.6,0,0,CHRG, ,
46769.0,1,2,1,1,3,7560.0,2,13.49,26.9,4.19,53.05,0,0,CHRG, ,
46829.0,1,2,1,1,3,7620.0,2,13.509,26.9,4.23,53.49,0,0,CHRG, ,
46889.0,1,2,1,1,3,7680.0,2,13.528,27,4.26,53.94,0,0,CHRG, ,
46949.0,1,2,1,1,3,7740.0,2,13.548,27,4.29,54.39,0,0,CHRG, ,
47009.0,1,2,1,1,3,7800.0,2,13.568,27.1,4.33,54.84,0,0,CHRG, ,
47069.0,1,2,1,1,3,7860.0,2,13.589,27.1,4.36,55.29,0,0,CHRG, ,
47129.0,1,2,1,1,3,7920.0,2,13.611,27.1,4.39,55.75,0,0,CHRG, ,
47189.0,1,2,1,1,3,7980.0,1.99,13.635,27.1,4.43,56.2,0,0,CHRG, ,
47249.0,1,2,1,1,3,8040.0,2,13.66,27.2,4.46,56.65,0,0,CHRG, ,
47309.0,1,2,1,1,3,8100.0,2,13.688,27.3,4.49,57.11,0,0,CHRG, ,
47369.0,1,2,1,1,3,8160.0,2,13.717,27.3,4.53,57.56,0,0,CHRG, ,
47429.0,1,2,1,1,3,8220.0,2,13.75,27.4,4.56,58.02,0,0,CHRG, ,
47489.0,1,2,1,1,3,8280.0,2,13.785,27.5,4.59,58.48,0,0,CHRG, ,
47549.0,1,2,1,1,3,8340.0,2,13.825,27.6,4.63,58.93,0,0,CHRG, ,
47609.0,1,2,1,1,3,8400.0,2,13.873,27.7,4.66,59.4,0,0,CHRG, ,
47669.0,1,2,1,1,3,8460.0,2,13.927,27.8,4.69,59.86,0,0,CHRG, ,
47729.0,1,2,1,1,3,8520.0,2,13.992,27.9,4.73,60.32,0,0,CHRG, ,
47789.0,1,2,1,1,3,8580.0,2,14.073,28.1,4.76,60.79,0,0,CHRG, ,
47849.0,1,2,1,1,3,8640.0,2,14.185,28.3,4.79,61.26,0,0,CHRG, ,
47909.0,1,2,1,1,3,8700.0,2,14.355,28.6,4.83,61.73,0,0,CHRG, ,
47922.5,1,2,1,1,3,8713.5,2,14.4,28.7,4.83,61.84,0,0,CHRG,S,
47982.5,1,2,1,1,4,8773.5,1.88,14.2,26.6,4.87,62.29,0,0,CHRG, ,
48042.5,1,2,1,1,4,8833.5,1.82,14.199,25.8,4.9,62.73,0,0,CHRG, ,
48102.5,1,2,1,1,4,8893.5,1.78,14.2,25.2,4.93,63.15,0,0,CHRG, ,
48162.5,1,2,1,1,4,8953.5,1.73,14.201,24.6,4.96,63.56,0,0,CHRG, ,
48222.5,1,2,1,1,4,9013.5,1.68,14.2,23.8,4.98,63.97,0,0,CHRG, ,
48282.5,1,2,1,1,4,9073.5,1.63,14.199,23.1,5.01,64.36,0,0,CHRG, ,
48342.5,1,2,1,1,4,9133.5,1.58,14.201,22.3,5.04,64.74,0,0,CHRG, ,
48402.5,1,2,1,1,4,9193.5,1.54,14.201,21.8,5.06,65.1,0,0,CHRG, ,
48462.5,1,2,1,1,4,9253.5,1.48,14.199,21,5.09,65.46,0,0,CHRG, ,
48522.5,1,2,1,1,4,9313.5,1.46,14.201,20.7,5.11,65.81,0,0,CHRG, ,
48582.5,1,2,1,1,4,9373.5,1.42,14.2,20.1,5.14,66.15,0,0,CHRG, ,
48642.5,1,2,1,1,4,9433.5,1.38,14.2,19.5,5.16,66.48,0,0,CHRG, ,
48702.5,1,2,1,1,4,9493.5,1.34,14.2,18.9,5.18,66.8,0,0,CHRG, ,
48762.5,1,2,1,1,4,9553.5,1.3,14.201,18.5,5.21,67.11,0,0,CHRG, ,
48822.5,1,2,1,1,4,9613.5,1.27,14.2,18,5.23,67.41,0,0,CHRG, ,
48882.5,1,2,1,1,4,9673.5,1.24,14.201,17.5,5.25,67.71,0,0,CHRG, ,
48942.5,1,2,1,1,4,9733.5,1.2,14.2,17,5.27,67.99,0,0,CHRG, ,
49002.5,1,2,1,1,4,9793.5,1.17,14.2,16.6,5.29,68.27,0,0,CHRG, ,
49062.5,1,2,1,1,4,9853.5,1.14,14.2,16.1,5.31,68.55,0,0,CHRG, ,
49122.5,1,2,1,1,4,9913.5,1.11,14.2,15.7,5.33,68.81,0,0,CHRG, ,
49182.5,1,2,1,1,4,9973.5,1.09,14.201,15.4,5.34,69.07,0,0,CHRG, ,
49242.5,1,2,1,1,4,10033.5,1.06,14.201,15,5.36,69.32,0,0,CHRG, ,
49302.5,1,2,1,1,4,10093.5,1.03,14.2,14.6,5.38,69.57,0,0,CHRG, ,
49362.5,1,2,1,1,4,10153.5,1.01,14.2,14.3,5.4,69.81,0,0,CHRG, ,
49422.5,1,2,1,1,4,10213.5,0.98,14.199,13.9,5.41,70.05,0,0,CHRG, ,
49482.5,1,2,1,1,4,10273.5,0.96,14.2,13.6,5.43,70.28,0,0,CHRG, ,
49542.5,1,2,1,1,4,10333.5,0.95,14.199,13.4,5.45,70.5,0,0,CHRG, ,
49602.5,1,2,1,1,4,10393.5,0.93,14.2,13.1,5.46,70.73,0,0,CHRG, ,
49662.5,1,2,1,1,4,10453.5,0.9,14.2,12.8,5.48,70.94,0,0,CHRG, ,
49722.5,1,2,1,1,4,10513.5,0.89,14.2,12.6,5.49,71.15,0,0,CHRG, ,
49782.5,1,2,1,1,4,10573.5,0.87,14.2,12.3,5.51,71.36,0,0,CHRG, ,
49842.5,1,2,1,1,4,10633.5,0.85,14.199,12,5.52,71.56,0,0,CHRG, ,
49902.5,1,2,1,1,4,10693.5,0.83,14.2,11.8,5.53,71.76,0,0,CHRG, ,
49962.5,1,2,1,1,4,10753.5,0.82,14.2,11.6,5.55,71.95,0,0,CHRG, ,
50022.5,1,2,1,1,4,10813.5,0.81,14.201,11.4,5.56,72.15,0,0,CHRG, ,
50082.5,1,2,1,1,4,10873.5,0.78,14.199,11.1,5.57,72.33,0,0,CHRG, ,
50142.5,1,2,1,1,4,10933.5,0.77,14.2,10.9,5.59,72.52,0,0,CHRG, ,
50202.5,1,2,1,1,4,10993.5,0.76,14.2,10.7,5.6,72.7,0,0,CHRG, ,
50262.5,1,2,1,1,4,11053.5,0.74,14.201,10.5,5.61,72.87,0,0,CHRG, ,
50322.5,1,2,1,1,4,11113.5,0.73,14.2,10.3,5.63,73.04,0,0,CHRG, ,
50382.5,1,2,1,1,4,11173.5,0.71,14.2,10.1,5.64,73.22,0,0,CHRG, ,
50442.5,1,2,1,1,4,11233.5,0.7,14.199,9.9,5.65,73.38,0,0,CHRG, ,
50502.5,1,2,1,1,4,11293.5,0.69,14.2,9.7,5.66,73.54,0,0,CHRG, ,
50562.5,1,2,1,1,4,11353.5,0.68,14.2,9.6,5.67,73.7,0,0,CHRG, ,
50622.5,1,2,1,1,4,11413.5,0.66,14.2,9.3,5.68,73.86,0,0,CHRG, ,
50682.5,1,2,1,1,4,11473.5,0.65,14.2,9.2,5.69,74.02,0,0,CHRG, ,
50742.5,1,2,1,1,4,11533.5,0.64,14.201,9,5.7,74.17,0,0,CHRG, ,
50802.5,1,2,1,1,4,11593.5,0.63,14.2,8.9,5.72,74.32,0,0,CHRG, ,
50862.5,1,2,1,1,4,11653.5,0.62,14.2,8.7,5.73,74.47,0,0,CHRG, ,
50922.5,1,2,1,1,4,11713.5,0.61,14.2,8.6,5.74,74.61,0,0,CHRG, ,
50982.5,1,2,1,1,4,11773.5,0.6,14.201,8.4,5.75,74.75,0,0,CHRG, ,
51042.5,1,2,1,1,4,11833.5,0.59,14.2,8.3,5.76,74.89,0,0,CHRG, ,
51102.5,1,2,1,1,4,11893.5,0.58,14.2,8.1,5.77,75.03,0,0,CHRG, ,
51162.5,1,2,1,1,4,11953.5,0.57,14.2,8,5.78,75.16,0,0,CHRG, ,
51222.5,1,2,1,1,4,12013.5,0.56,14.2,7.9,5.78,75.29,0,0,CHRG, ,
51282.5,1,2,1,1,4,12073.5,0.55,14.201,7.8,5.79,75.42,0,0,CHRG, ,
51342.5,1,2,1,1,4,12133.5,0.54,14.2,7.6,5.8,75.55,0,0,CHRG, ,
51402.5,1,2,1,1,4,12193.5,0.54,14.198,7.5,5.81,75.68,0,0,CHRG, ,
51462.5,1,2,1,1,4,12253.5,0.52,14.2,7.3,5.82,75.8,0,0,CHRG, ,
51522.5,1,2,1,1,4,12313.5,0.51,14.2,7.2,5.83,75.92,0,0,CHRG, ,
51582.5,1,2,1,1,4,12373.5,0.51,14.2,7.2,5.84,76.04,0,0,CHRG, ,
51642.5,1,2,1,1,4,12433.5,0.5,14.199,7,5.85,76.16,0,0,CHRG, ,
51702.5,1,2,1,1,4,12493.5,0.49,14.2,7,5.85,76.28,0,0,CHRG, ,
51762.5,1,2,1,1,4,12553.5,0.48,14.2,6.8,5.86,76.39,0,0,CHRG, ,
51822.5,1,2,1,1,4,12613.5,0.48,14.2,6.8,5.87,76.51,0,0,CHRG, ,
51882.5,1,2,1,1,4,12673.5,0.47,14.201,6.7,5.88,76.62,0,0,CHRG, ,
51942.5,1,2,1,1,4,12733.5,0.46,14.2,6.5,5.89,76.73,0,0,CHRG, ,
52002.5,1,2,1,1,4,12793.5,0.46,14.199,6.5,5.89,76.84,0,0,CHRG, ,
52062.5,1,2,1,1,4,12853.5,0.46,14.2,6.4,5.9,76.95,0,0,CHRG, ,
52122.5,1,2,1,1,4,12913.5,0.45,14.2,6.3,5.91,77.05,0,0,CHRG, ,
52182.5,1,2,1,1,4,12973.5,0.44,14.2,6.2,5.92,77.15,0,0,CHRG, ,
52242.5,1,2,1,1,4,13033.5,0.43,14.199,6.1,5.92,77.26,0,0,CHRG, ,
52302.5,1,2,1,1,4,13093.5,0.43,14.2,6,5.93,77.36,0,0,CHRG, ,
52362.5,1,2,1,1,4,13153.5,0.42,14.201,5.9,5.94,77.46,0,0,CHRG, ,
52422.5,1,2,1,1,4,13213.5,0.41,14.199,5.8,5.95,77.56,0,0,CHRG, ,
52482.5,1,2,1,1,4,13273.5,0.42,14.2,5.9,5.95,77.66,0,0,CHRG, ,
52542.5,1,2,1,1,4,13333.5,0.41,14.201,5.8,5.96,77.75,0,0,CHRG, ,
52602.5,1,2,1,1,4,13393.5,0.4,14.2,5.7,5.97,77.85,0,0,CHRG, ,
52662.5,1,2,1,1,4,13453.5,0.4,14.2,5.6,5.97,77.94,0,0,CHRG, ,
52722.5,1,2,1,1,4,13513.5,0.39,14.2,5.5,5.98,78.03,0,0,CHRG, ,
52782.5,1,2,1,1,4,13573.5,0.39,14.2,5.5,5.99,78.13,0,0,CHRG, ,
52842.5,1,2,1,1,4,13633.5,0.38,14.2,5.4,5.99,78.22,0,0,CHRG, ,
52902.5,1,2,1,1,4,13693.5,0.38,14.2,5.4,6,78.31,0,0,CHRG, ,
52962.5,1,2,1,1,4,13753.5,0.38,14.2,5.3,6,78.39,0,0,CHRG, ,
53022.5,1,2,1,1,4,13813.5,0.37,14.2,5.2,6.01,78.48,0,0,CHRG, ,
53082.5,1,2,1,1,4,13873.5,0.37,14.2,5.2,6.02,78.57,0,0,CHRG, ,
53142.5,1,2,1,1,4,13933.5,0.36,14.2,5.1,6.02,78.66,0,0,CHRG, ,
53202.5,1,2,1,1,4,13993.5,0.36,14.2,5,6.03,78.74,0,0,CHRG, ,
53262.5,1,2,1,1,4,14053.5,0.36,14.2,5.1,6.04,78.83,0,0,CHRG, ,
53322.5,1,2,1,1,4,14113.5,0.35,14.2,4.9,6.04,78.91,0,0,CHRG, ,
53382.5,1,2,1,1,4,14173.5,0.35,14.2,4.9,6.05,78.99,0,0,CHRG, ,
53442.5,1,2,1,1,4,14233.5,0.34,14.2,4.7,6.05,79.07,0,0,CHRG, ,
53502.5,1,2,1,1,4,14293.5,0.34,14.199,4.8,6.06,79.15,0,0,CHRG, ,
53562.5,1,2,1,1,4,14353.5,0.34,14.2,4.8,6.06,79.23,0,0,CHRG, ,
53622.5,1,2,1,1,4,14413.5,0.33,14.201,4.7,6.07,79.31,0,0,CHRG, ,
53682.5,1,2,1,1,4,14473.5,0.33,14.201,4.6,6.08,79.39,0,0,CHRG, ,
53742.5,1,2,1,1,4,14533.5,0.33,14.2,4.6,6.08,79.46,0,0,CHRG, ,
53802.5,1,2,1,1,4,14593.5,0.33,14.2,4.6,6.09,79.54,0,0,CHRG, ,
53862.5,1,2,1,1,4,14653.5,0.32,14.2,4.5,6.09,79.61,0,0,CHRG, ,
53922.5,1,2,1,1,4,14713.5,0.32,14.2,4.5,6.1,79.69,0,0,CHRG, ,
53982.5,1,2,1,1,4,14773.5,0.31,14.2,4.4,6.1,79.76,0,0,CHRG, ,
54014.4,1,2,1,1,4,14805.4,0.3,14.2,4.3,6.1,79.8,0,0,CHRG,S,
54014.5,1,2,1,1,5,14805.5,0,14.154,0.1,6.1,79.8,0,0,CHRG,S,
54074.5,1,2,1,1,6,60.0,0,13.415,0,0,0,0,0,REST, ,
54134.5,1,2,1,1,6,120.0,0,13.348,0,0,0,0,0,REST, ,
54194.5,1,2,1,1,6,180.0,0,13.315,0,0,0,0,0,REST, ,
54254.5,1,2,1,1,6,240.0,0,13.295,0,0,0,0,0,REST, ,
54314.5,1,2,1,1,6,300.0,0,13.281,0,0,0,0,0,REST, ,
54374.5,1,2,1,1,6,360.0,0,13.271,0,0,0,0,0,REST, ,
54434.5,1,2,1,1,6,420.0,0,13.263,0,0,0,0,0,REST, ,
54494.5,1,2,1,1,6,480.0,0,13.257,0,0,0,0,0,REST, ,
54554.5,1,2,1,1,6,540.0,-0.01,13.251,0,0,0,0,0,REST, ,
54614.5,1,2,1,1,6,600.0,0,13.247,0,0,0,0,0,REST, ,
54674.5,1,2,1,1,6,660.0,0,13.242,0,0,0,0,0,REST, ,
54734.5,1,2,1,1,6,720.0,-0.01,13.239,0,0,0,0,0,REST, ,
54794.5,1,2,1,1,6,780.0,-0.01,13.235,0,0,0,0,0,REST, ,
54854.5,1,2,1,1,6,840.0,0,13.232,0,0,0,0,0,REST, ,
54914.5,1,2,1,1,6,900.0,0,13.23,0,0,0,0,0,REST, ,
54974.5,1,2,1,1,6,960.0,0,13.228,0,0,0,0,0,REST, ,
55034.5,1,2,1,1,6,1020.0,0,13.225,0,0,0,0,0,REST, ,
55094.5,1,2,1,1,6,1080.0,0,13.223,0,0,0,0,0,REST, ,
55154.5,1,2,1,1,6,1140.0,0,13.221,0,0,0,0,0,REST, ,
55214.5,1,2,1,1,6,1200.0,-0.01,13.219,0,0,0,0,0,REST, ,
55274.5,1,2,1,1,6,1260.0,0,13.217,0,0,0,0,0,REST, ,
55334.5,1,2,1,1,6,1320.0,0,13.215,0,0,0,0,0,REST, ,
55394.5,1,2,1,1,6,1380.0,0,13.214,0,0,0,0,0,REST, ,
55454.5,1,2,1,1,6,1440.0,0,13.212,0,0,0,0,0,REST, ,
55514.5,1,2,1,1,6,1500.0,-0.01,13.211,0,0,0,0,0,REST, ,
55574.5,1,2,1,1,6,1560.0,-0.01,13.209,0,0,0,0,0,REST, ,
55634.5,1,2,1,1,6,1620.0,-0.01,13.208,0,0,0,0,0,REST, ,
55694.5,1,2,1,1,6,1680.0,0,13.207,0,0,0,0,0,REST, ,
55754.5,1,2,1,1,6,1740.0,0,13.205,0,0,0,0,0,REST, ,
55814.5,1,2,1,1,6,1800.0,0,13.204,0,0,0,0,0,REST,Q,
Total Number of Data Lines in the Database: 0000001296